relative_path,person,label,filename,bytes,sha256,width,height,fps,duration
P01/Bạn có cần giúp đỡ không/001.MOV,P01,Bạn có cần giúp đỡ không,001.MOV,8073588,13523affac6e7f840f87a7905889091eea0fc5e07fe3e7c839d3bdc757e147b3,1920,1080,59.9622,5.2867
P01/Bạn có cần giúp đỡ không/002.MOV,P01,Bạn có cần giúp đỡ không,002.MOV,8456792,2b01a7f616bc163c0b1df9180d71644b30edd0ef6a3c2f204492a86c3e4ae43f,1920,1080,59.9642,5.5867
P01/Bạn có cần giúp đỡ không/003.MOV,P01,Bạn có cần giúp đỡ không,003.MOV,6941345,5df639099f2fd61bcfcfe5cd29fcddd2eb63337441a70b05c4c406437f96216a,1920,1080,59.9564,4.5867
P01/Bạn có cần giúp đỡ không/004.MOV,P01,Bạn có cần giúp đỡ không,004.MOV,7243966,6d287f1ebd9086498aca851d6fc2f1058917f71bb40833d0b5b69069dc066b56,1920,1080,59.9575,4.7033
P01/Bạn có cần giúp đỡ không/005.MOV,P01,Bạn có cần giúp đỡ không,005.MOV,9521175,5eee2eb46ae101ee77dc7f6081e1ed2fc30269ccfa363c9ea83c73cc9f5c0f6c,1920,1080,59.968,6.2533
P01/Bạn có cần giúp đỡ không/006.MOV,P01,Bạn có cần giúp đỡ không,006.MOV,9758616,2c34c1b3c50bf05ce3dc8d9f16f0e45177516462407bac961bd48909c8d13259,1920,1080,59.9688,6.4033
P01/Bạn có vấn đề gì không/001.MOV,P01,Bạn có vấn đề gì không,001.MOV,8199968,e6fcae9043759b6993711ab02ced36dc6fe1fb1f69c9b41bd4105898fb39be62,1920,1080,59.9635,5.4867
P01/Bạn có vấn đề gì không/002.MOV,P01,Bạn có vấn đề gì không,002.MOV,8869265,f04a05a790dc0f4c207d0d4ccbea0da468de1b24b2294983da59ddd32181d905,1920,1080,59.966,5.8867
P01/Bạn có vấn đề gì không/003.MOV,P01,Bạn có vấn đề gì không,003.MOV,7592019,a9002c77d68dda5500d40953bee5f8cd7e4324d30dbaad65cf73616fc323cd1d,1920,1080,59.9602,5.02
P01/Bạn có vấn đề gì không/004.MOV,P01,Bạn có vấn đề gì không,004.MOV,7203230,1552506405f5b7cee2ed8a5761e5c2f55db73fd32ac2549ac24a684d8aaa8e2d,1920,1080,59.9581,4.77
P01/Bạn có vấn đề gì không/005.MOV,P01,Bạn có vấn đề gì không,005.MOV,9354629,7f3468c6878a99b7c520fad7153bc93f7585a24dbb13e5d07df5163448ed68d2,1920,1080,59.9679,6.2367
P01/Bạn có vấn đề gì không/006.MOV,P01,Bạn có vấn đề gì không,006.MOV,8972432,35136cf5a4ad171dd2ceb32da9f531a1e6485d12e4595076c684bb3bd41f2fa7,1920,1080,59.9664,5.9533
P01/Bạn quê ở đâu/001.MOV,P01,Bạn quê ở đâu,001.MOV,8313829,329609ec75eca8cb771a97567e80523739343c1e7020a1c5344d5c3b228b63de,1920,1080,59.9643,5.6033
P01/Bạn quê ở đâu/002.MOV,P01,Bạn quê ở đâu,002.MOV,9128770,6c5aa4258a434cd730dc8387a7932a194cf38dae41a4d3cddcf6bad0941d587a,1920,1080,59.9672,6.1033
P01/Bạn quê ở đâu/003.MOV,P01,Bạn quê ở đâu,003.MOV,7586153,90a588cde24f3046c532b06640cfd13b702dad262fd48ff11f3ab4d8ca6f6e15,1920,1080,59.9607,5.0867
P01/Bạn quê ở đâu/004.MOV,P01,Bạn quê ở đâu,004.MOV,8517760,4e6d6d6da532960b0d660fc5bc8582020dbb6806287061de0af836e6d5345ead,1920,1080,59.9647,5.67
P01/Bạn quê ở đâu/005.MOV,P01,Bạn quê ở đâu,005.MOV,10186969,1534e90846b7118672f1b69e9c36845d823b3d5159b919c2de0aa6191a4466d4,1920,1080,59.9706,6.8033
P01/Bạn quê ở đâu/006.MOV,P01,Bạn quê ở đâu,006.MOV,9701704,89ba61e835be37cfc4cf850f94fffe69eee92ba94f61fce97cdee5dde30308fe,1920,1080,59.9692,6.5033
P01/Bạn tên gì/001.MOV,P01,Bạn tên gì,001.MOV,8015514,d84a890a4e16bfb02e92f4066c72254be67b10988bbb11b13900c536c938a27d,1920,1080,59.9624,5.32
P01/Bạn tên gì/002.MOV,P01,Bạn tên gì,002.MOV,8802279,3fc1ea51e1c0a135edd852bfdab452abc33759c7efef9cf124a3ba986db33ec2,1920,1080,59.9654,5.7867
P01/Bạn tên gì/003.MOV,P01,Bạn tên gì,003.MOV,6980907,35f3c5b6f9bf330157b574e350f16606c03f1ac637308bd4efb6241db10280af,1920,1080,59.9569,4.6367
P01/Bạn tên gì/004.MOV,P01,Bạn tên gì,004.MOV,7555391,752b768fadb51528f9c1d733b66bcc35bf1184e3ae029e71bb24091a43982e7e,1920,1080,59.9599,4.9867
P01/Bạn tên gì/005.MOV,P01,Bạn tên gì,005.MOV,9827620,8bcd13787defe43cb8053d04afc652333114cc4746ddfc9f7caede8a73a0b6f4,1920,1080,59.9694,6.5367
P01/Bạn tên gì/006.MOV,P01,Bạn tên gì,006.MOV,9576275,c28df9e8994d13345536042b17a5f9f1a3069872016b829e18fa8430dca283ae,1920,1080,59.9686,6.37
P01/Bạn đang làm gì/001.MOV,P01,Bạn đang làm gì,001.MOV,8084143,cc1764f05bfbe66beec01a03c262873b8fec0d4649f549dd81164a31ec2dde3e,1920,1080,59.963,5.4033
P01/Bạn đang làm gì/002.MOV,P01,Bạn đang làm gì,002.MOV,8646537,29c147e758211b5a996c4cc4ff57aef41b11c175f24651b95ce02dfd76e9aacc,1920,1080,59.9652,5.7533
P01/Bạn đang làm gì/003.MOV,P01,Bạn đang làm gì,003.MOV,6932144,9af20d1c93ce410bb3bf6419e75f5a2001862a9c44b7bf0965d40c1cfa200868,1920,1080,59.9567,4.62
P01/Bạn đang làm gì/004.MOV,P01,Bạn đang làm gì,004.MOV,7178233,80ac61505bd5aa40dc008cd87e545cd4fa062f2888a73d2e2528ed2bac8ea470,1920,1080,59.9576,4.72
P01/Bạn đang làm gì/005.MOV,P01,Bạn đang làm gì,005.MOV,10621331,9c4e03db68dedbec17099882f3dc55412dfdf33b6488ce8cac4887762dc26561,1920,1080,59.9576,7.0717
P01/Bạn đang làm gì/006.MOV,P01,Bạn đang làm gì,006.MOV,9763160,11ec2ca3cbfa15aabce9d68d39b9e3a5b00ab42262fc12e06b515e9ec1f87a1e,1920,1080,59.9694,6.5367
P01/Chuyện gì/001.MOV,P01,Chuyện gì,001.MOV,6757101,b608512e1e68bbc6dee53451c9624b198fd41d5ba8acfb1625eed06b1c039c93,1920,1080,59.9541,4.3533
P01/Chuyện gì/002.MOV,P01,Chuyện gì,002.MOV,6640586,716aa5af672d36d404c4332eae372326c6bef9c89e838343ec22cc53ca920d28,1920,1080,59.9535,4.3033
P01/Chuyện gì/003.MOV,P01,Chuyện gì,003.MOV,6880778,1f5a6d8cf4ffa0a30b9dd6869958825c9fd898271da2046f624c5743d4db8d6c,1920,1080,59.9549,4.4367
P01/Chuyện gì/004.MOV,P01,Chuyện gì,004.MOV,7019334,275141b8f6b3433eb9118b02d5caa9041e962879e57ed59b02e01821503e3fec,1920,1080,59.9561,4.5533
P01/Chuyện gì/005.MOV,P01,Chuyện gì,005.MOV,8111390,fb87649fbb5e45ede2aa0753f3bc66591eb2ff2a5701b0ef4f4b35f17ef6db51,1920,1080,59.962,5.27
P01/Chuyện gì/006.MOV,P01,Chuyện gì,006.MOV,8608023,2f4d2ae21652db768e4822a37bcd39428eb2049dc5918a0c2b70accdb6b62615,1920,1080,59.9643,5.6033
P01/Cảm ơn/001.MOV,P01,Cảm ơn,001.MOV,7231523,52322739d405e7298900b8477c5458788a12aa65b316e4a8eb568dc0fcafa8ba,1920,1080,59.9575,4.7033
P01/Cảm ơn/002.MOV,P01,Cảm ơn,002.MOV,6450648,643efbf304237b0ec5a4e678dc18a0f41fc7a42df70fd927fbe5593d994e203f,1920,1080,59.9528,4.2367
P01/Cảm ơn/003.MOV,P01,Cảm ơn,003.MOV,5300487,82b242578eb7f849e5324436e8eb7df7a0336fcf117f325c2f19e45d5514e009,1920,1080,59.971,3.4517
P01/Cảm ơn/004.MOV,P01,Cảm ơn,004.MOV,5942927,5c04bc58e1e8002f140d5ca8fc032a2a5b351629b6f1a72b01805932ac6df734,1920,1080,59.974,3.8517
P01/Cảm ơn/005.MOV,P01,Cảm ơn,005.MOV,8161164,8d1d379d5e626f9328b56d3ab01c5399d4c4a67c9317d7270ac029a94928a5b8,1920,1080,59.9626,5.3533
P01/Cảm ơn/006.MOV,P01,Cảm ơn,006.MOV,7346503,fdce13e13dfbd9da4c52f4961ec57005a8f2ee6c7101de93ea4d85ff7d6d6163,1920,1080,59.9581,4.77
P01/Gọi xe cứu thương/001.MOV,P01,Gọi xe cứu thương,001.MOV,8528024,693aba6f131143c99a75df4e5fb748c6da8e03a3246c448561f82baef18c3d8d,1920,1080,59.9642,5.5867
P01/Gọi xe cứu thương/002.MOV,P01,Gọi xe cứu thương,002.MOV,8505905,d5731f5ad6483f81d80964dc7ed4d358081df5862e3e9d8e2b92a29ebcb16dbe,1920,1080,59.964,5.5533
P01/Gọi xe cứu thương/003.MOV,P01,Gọi xe cứu thương,003.MOV,10724446,0133859e7915f2a98643d5f906fa718c73a1bd5f4688bb7f27bf0cdc7449d577,1920,1080,59.9571,6.9883
P01/Gọi xe cứu thương/004.MOV,P01,Gọi xe cứu thương,004.MOV,8907637,a31f961550791f07ece5d3a8dcc21c1375c37b63f181a7624026f4fbcb92532f,1920,1080,59.9651,5.7367
P01/Gọi xe cứu thương/005.MOV,P01,Gọi xe cứu thương,005.MOV,10415576,0354bfb10151c97dd1c2e83a1f50b6869db44209eb82fb26d65337afa08f74d5,1920,1080,59.9704,6.7533
P01/Gọi xe cứu thương/006.MOV,P01,Gọi xe cứu thương,006.MOV,10313813,718cd255cf91550d44a13f7fa36b844ea630f2834b7351953df7134b6e24ebf5,1920,1080,59.9699,6.6533
P01/Hôm nay bạn khỏe không/001.MOV,P01,Hôm nay bạn khỏe không,001.MOV,8520100,58fd5a4fd924e2acf5f8b1ff8dee578f9821cf0549e8ba645fdd4766d665bfd9,1920,1080,59.9641,5.57
P01/Hôm nay bạn khỏe không/002.MOV,P01,Hôm nay bạn khỏe không,002.MOV,8717448,da9f61edbbc3262dd61c2b1d8a0d92e357ce0b6aa6d131b549200d519e26d543,1920,1080,59.9644,5.62
P01/Hôm nay bạn khỏe không/003.MOV,P01,Hôm nay bạn khỏe không,003.MOV,7795815,b9e4de04bc22a35a9042a58d527a972dceff88310f28f21db0f4227a60b88848,1920,1080,59.9606,5.07
P01/Hôm nay bạn khỏe không/004.MOV,P01,Hôm nay bạn khỏe không,004.MOV,8218516,5aa665ff7b92d651b5c86c70cbabffc090aba29fa7d9725d41ed1c66d5090ff5,1920,1080,59.9623,5.3033
P01/Hôm nay bạn khỏe không/005.MOV,P01,Hôm nay bạn khỏe không,005.MOV,12825196,f6fc4baaa5f6157974c879253bfa29bc4fb7eedc39a87e1c40d5223272529074,1920,1080,59.9639,8.3217
P01/Hôm nay bạn khỏe không/006.MOV,P01,Hôm nay bạn khỏe không,006.MOV,10683616,078b64dc79463f24ba4c7968e6e8c12360c27f63c8e970c0c552eca1298481eb,1920,1080,59.9564,6.8883
P01/Lâu rồi không gặp/001.MOV,P01,Lâu rồi không gặp,001.MOV,8923417,462fd7fd10d657ce2b8146c3a6575188cc18b6955c031aee1acb63650afcd883,1920,1080,59.9649,5.7033
P01/Lâu rồi không gặp/002.MOV,P01,Lâu rồi không gặp,002.MOV,8764824,c27b2a449f143d3706c00e785a7f9d3365c568f36cc037392105dc92442859fd,1920,1080,59.9644,5.62
P01/Lâu rồi không gặp/003.MOV,P01,Lâu rồi không gặp,003.MOV,7732631,ee66ba2810ac07d35f63a897abaf2aa430145de39f37f53311f0052802da8244,1920,1080,59.9599,4.9867
P01/Lâu rồi không gặp/004.MOV,P01,Lâu rồi không gặp,004.MOV,9217571,93bff0b659bdd4af5e700d4961075e6623d8b70e2014d34531804c09cc86c37e,1920,1080,59.9664,5.9533
P01/Lâu rồi không gặp/005.MOV,P01,Lâu rồi không gặp,005.MOV,11041414,615e690aaf3f0bf1b76d69807dad9f6c1134acd99e3643b4dcc03b72c3e78420,1920,1080,59.9584,7.205
P01/Lâu rồi không gặp/006.MOV,P01,Lâu rồi không gặp,006.MOV,9889532,5f701a16bea31dd7bc54ea045ed12387bf87ad2626347ee02dae636f1df3739e,1920,1080,59.9689,6.4367
P01/Mấy tuổi/001.MOV,P01,Mấy tuổi,001.MOV,7154512,764583d3a36430e06c96807f9013eb6b54b07a19e8053600512669592df9340b,1920,1080,59.9569,4.6367
P01/Mấy tuổi/002.MOV,P01,Mấy tuổi,002.MOV,7505809,939d9f2b79abad9be287312faf6c67ef3654738075c3753698d75a812d683a11,1920,1080,59.9581,4.77
P01/Mấy tuổi/003.MOV,P01,Mấy tuổi,003.MOV,5940327,7648cb2a43d201e8f5bc022892406bf96c3dc9970a7563c521436f880e2e150c,1920,1080,59.9735,3.7683
P01/Mấy tuổi/004.MOV,P01,Mấy tuổi,004.MOV,6192546,035e47a56ef3e5f9a6621e0d59c40fd38d4a187b0f1c216ba9e755a478b3f490,1920,1080,59.9749,3.985
P01/Mấy tuổi/005.MOV,P01,Mấy tuổi,005.MOV,9736087,8458a58d490b27a139385067ceac3b4391331ff5405aeb3aa6068286af9d9ee5,1920,1080,59.9684,6.3367
P01/Mấy tuổi/006.MOV,P01,Mấy tuổi,006.MOV,8309104,fd0da519c1806fd8bef67581d9d02bef854812b2d102a93fbf33425ade52d314,1920,1080,59.963,5.4033
P01/Như thế nào/001.MOV,P01,Như thế nào,001.MOV,5987207,5dca6eaa8ff5390b1e91868e0c35c0d4728bd74884ed326d24eeca1739b26346,1920,1080,59.9738,3.8183
P01/Như thế nào/002.MOV,P01,Như thế nào,002.MOV,5956576,3344a17b3900306addd0a6cb200e39e2eb7980e9737501babb939d42120cf7ad,1920,1080,59.9736,3.785
P01/Như thế nào/003.MOV,P01,Như thế nào,003.MOV,5172996,536a99d242c60ae5be07421bb14300fe30cbf0a21400e905e41314f0e2031944,1920,1080,59.9702,3.3517
P01/Như thế nào/004.MOV,P01,Như thế nào,004.MOV,5522858,3691fae244b12d784e12f4838da9e3d5dfd95d93a77e00fbcc3c64e9c305b9f0,1920,1080,59.9722,3.6017
P01/Như thế nào/005.MOV,P01,Như thế nào,005.MOV,7364637,679fa7a1e04ef1c87977d52c4cfd981a736a85f5f3b4c07c3144ebf581a8c6e5,1920,1080,59.9578,4.7367
P01/Như thế nào/006.MOV,P01,Như thế nào,006.MOV,7356927,a9c108615f99bad7208c7f8a5b223f9556dc6d6024bc9f2b8f498e1da225bca4,1920,1080,59.9578,4.7367
P01/Rất vui được gặp bạn/001.MOV,P01,Rất vui được gặp bạn,001.MOV,6505433,75ff571ab97859adbd70b99c64e3ffbd3896e3e7f01aeb5f8aa9070375dcc8f0,1920,1080,59.9528,4.2367
P01/Rất vui được gặp bạn/002.MOV,P01,Rất vui được gặp bạn,002.MOV,9233881,11c799a310766560febeed58301dc0eaff12d82446826734fae1976f269e5e1a,1920,1080,59.9669,6.0367
P01/Rất vui được gặp bạn/003.MOV,P01,Rất vui được gặp bạn,003.MOV,8226623,2013576533f5e8cd5ccf3c2179d1b429ba7100962583f0f3e5aa39d26b660dfa,1920,1080,59.9628,5.37
P01/Rất vui được gặp bạn/004.MOV,P01,Rất vui được gặp bạn,004.MOV,5919145,e542e878f537949625c5fc7f633ce1c8388697015eda014a66d710c673402cfa,1920,1080,59.9737,3.8017
P01/Rất vui được gặp bạn/005.MOV,P01,Rất vui được gặp bạn,005.MOV,9110611,6b3e0b7bcbf14d5d31d20c317e151707b0fb3f032ccc12b17f55263b49714195,1920,1080,59.9662,5.92
P01/Rất vui được gặp bạn/006.MOV,P01,Rất vui được gặp bạn,006.MOV,9313245,c4990f76cccfe018be814e75f32e917b59ea38ea06435a30aebefa6f09feee7d,1920,1080,59.9671,6.07
P01/Sao thế/001.MOV,P01,Sao thế,001.MOV,5221153,0ff01e19c3e4cb598962ac5dc2d586c4c5e0fd7ce2923e1b12af7262e246e057,1920,1080,59.9705,3.385
P01/Sao thế/002.MOV,P01,Sao thế,002.MOV,5472158,c2fe4a657d5ab4abcfa840ef719debadef768452b6cf635c734f223c7d5971aa,1920,1080,59.9718,3.5517
P01/Sao thế/003.MOV,P01,Sao thế,003.MOV,4687128,754acc83a938b279bf17e516e2a4f440fcd0f08f6ac659e4a6a0e91ce743ab79,1920,1080,59.9665,2.985
P01/Sao thế/004.MOV,P01,Sao thế,004.MOV,5050454,d134fc86fbbef681547943a582f98f54affc12acadd49507d847f454c2735852,1920,1080,59.9694,3.2683
P01/Sao thế/005.MOV,P01,Sao thế,005.MOV,7054268,b5c4b62f66650d6bb2a31220628c285a68c0f642484ec4a4e102ddbed2a1836d,1920,1080,59.9566,4.6033
P01/Sao thế/006.MOV,P01,Sao thế,006.MOV,6745415,6b683f3928b01f0bd5f44766ec934b06ace265262c27a20fc03b4959fc2b2866,1920,1080,59.9544,4.3867
P01/Siêu thị/001.MOV,P01,Siêu thị,001.MOV,7281793,7caba7f80794d753548646728b797175e801818f1eed5f13e942ab5448522847,1920,1080,59.9573,4.6867
P01/Siêu thị/002.MOV,P01,Siêu thị,002.MOV,6434603,4fbbcc470de5eb144a558c4ea283fca801f7bdcca8d7141d49a504a5a741fa85,1920,1080,59.952,4.17
P01/Siêu thị/003.MOV,P01,Siêu thị,003.MOV,4751535,1a7bf41cad4cf7d61b424d2495eea7bc35c75a2ea82c9137d24d7c209d0c6e24,1920,1080,59.9671,3.035
P01/Siêu thị/004.MOV,P01,Siêu thị,004.MOV,5917616,e49ef9bae722f24a9b07acb9a2ddaeb1b524be27fc5b3e82f1998f6b379a6d95,1920,1080,59.9737,3.8017
P01/Siêu thị/005.MOV,P01,Siêu thị,005.MOV,8097419,d1679439e0fe5e67f3243d4175490cdcc661a9efd28a7ab4751777b768e3bc7d,1920,1080,59.9618,5.2367
P01/Siêu thị/006.MOV,P01,Siêu thị,006.MOV,7670560,8d14606137817dcc9a9339f8a31a213a04f92367b1c3e41561037aa5ecc68aba,1920,1080,59.9596,4.9533
P01/Tôi bình thường/001.MOV,P01,Tôi bình thường,001.MOV,6922809,ad0079637eefb36a6a63e9c731875e7df2d10ca31913d8398ca8f1ae0a24293a,1920,1080,59.9556,4.5033
P01/Tôi bình thường/002.MOV,P01,Tôi bình thường,002.MOV,6873254,5157bc597063664be2c3f25ebb2476a23e625d256ed6153f2c04775e234d2f8e,1920,1080,59.9558,4.52
P01/Tôi bình thường/003.MOV,P01,Tôi bình thường,003.MOV,5022722,0a47b1132070561bd762b6a083a0ff985a4d04d2977779c962ad218c6f17abf3,1920,1080,59.9694,3.2683
P01/Tôi bình thường/004.MOV,P01,Tôi bình thường,004.MOV,5396680,6a0de3615dfdef2569ae381bba0f74377e734c00e0f426182c0aa040bb07fbd9,1920,1080,59.9716,3.5183
P01/Tôi bình thường/005.MOV,P01,Tôi bình thường,005.MOV,8352307,1f7f12eb2053c451414da88ad8a4a8cba5805fdafa12e87bdaccc660e603af52,1920,1080,59.9634,5.47
P01/Tôi bình thường/006.MOV,P01,Tôi bình thường,006.MOV,8422720,50b5edd0c6691bac4172859813e7310a80c814521875493c3ef4eee4143b985b,1920,1080,59.964,5.5533
P01/Tôi không khỏe/001.MOV,P01,Tôi không khỏe,001.MOV,8628604,c8e514d725a506f033de3cf5af32e31ca6eeb0c945c6316296890319fb8805da,1920,1080,59.9644,5.62
P01/Tôi không khỏe/002.MOV,P01,Tôi không khỏe,002.MOV,8396801,bbb109c68f1779e42e70ea99954e1ee581c2442e52f0a42e491ce07d4fd7a9d1,1920,1080,59.9638,5.52
P01/Tôi không khỏe/003.MOV,P01,Tôi không khỏe,003.MOV,6581985,2ad1f2839686f30494d4367f2d4601f8c7d6564a799ec048ed81a605db4f512d,1920,1080,59.9535,4.3033
P01/Tôi không khỏe/004.MOV,P01,Tôi không khỏe,004.MOV,6427016,e85c432f9f07937666feae32e774cf45c2d9fa664e9695f9cb76af68358a8a9b,1920,1080,59.9526,4.22
P01/Tôi không khỏe/005.MOV,P01,Tôi không khỏe,005.MOV,10230680,41b5b1260a6d7e22bd423fa850e9380973a0be5b20304539de21125ef9418cc2,1920,1080,59.9702,6.7033
P01/Tôi không khỏe/006.MOV,P01,Tôi không khỏe,006.MOV,8821051,d833e3c7323a1b4f8162a7b3ce174d911b2fd318112b515864143d1302067ac2,1920,1080,59.9653,5.77
P01/Tôi khỏe/001.MOV,P01,Tôi khỏe,001.MOV,6501842,9480fe2e9546a67c89389b32c2670de2d75b7c7b4f67b377cf27c667ff36d616,1920,1080,59.9532,4.27
P01/Tôi khỏe/002.MOV,P01,Tôi khỏe,002.MOV,6930546,cdbd53f40dbbced0a3b40be12e0b44b05a33adaa669d940ef7375000fb8b13bf,1920,1080,59.9562,4.57
P01/Tôi khỏe/003.MOV,P01,Tôi khỏe,003.MOV,5873066,393f8838284c3f364498638c582b6b03081ae1df62b5d55d7421456cf664c7df,1920,1080,59.9738,3.8183
P01/Tôi khỏe/004.MOV,P01,Tôi khỏe,004.MOV,6454635,98efe6179bb01e647ac2ada0faa6d0d044ae46d81c6c1582b440b4c82e7467fb,1920,1080,59.9528,4.2367
P01/Tôi khỏe/005.MOV,P01,Tôi khỏe,005.MOV,8857905,c83ee9d92914f5f3e3de07099112522fcd896c014ab4a2e15df86b4c320275a6,1920,1080,59.9656,5.82
P01/Tôi khỏe/006.MOV,P01,Tôi khỏe,006.MOV,8391621,7d014d6aa7c997d81a142486d16d1a33019997a602c22618125a4583417773d4,1920,1080,59.9637,5.5033
P01/Tạm biệt/001.MOV,P01,Tạm biệt,001.MOV,5659081,ab1d00ebb3a234715d256c2a8fe609e7e9a340daab9b94a99f658d311413359c,1920,1080,59.9729,3.685
P01/Tạm biệt/002.MOV,P01,Tạm biệt,002.MOV,6353770,4910a3f4f277f6f04b29180404a2cff668301276476b56abf21715ab5a8055cb,1920,1080,59.9515,4.12
P01/Tạm biệt/003.MOV,P01,Tạm biệt,003.MOV,4096736,9ffb379b1b88c8a2a1b53cbfeac4fd60b59922764b1ddc32cddb91e86fb5d954,1920,1080,59.9623,2.6517
P01/Tạm biệt/004.MOV,P01,Tạm biệt,004.MOV,5139827,6c6bbeb2dc07348ee8722badb7e93195c80268124f5d6cfb1861417d6943f3eb,1920,1080,59.97,3.335
P01/Tạm biệt/005.MOV,P01,Tạm biệt,005.MOV,7487190,518e12348e63b84bebb85e3cbaeaf0e6fc8e8a6fa15126b5e2e279b1fbca6ebb,1920,1080,59.9582,4.7867
P01/Tạm biệt/006.MOV,P01,Tạm biệt,006.MOV,6773196,127338e96d48c6766facd680c233b3fe8cb18c1e45fd9d44856ef81c75400043,1920,1080,59.9546,4.4033
P01/Về nhà cẩn thận/001.MOV,P01,Về nhà cẩn thận,001.MOV,8454368,b2ce7090c66645452a0eee15eb15f0f3400afaac6c5e1e8069d3031c78eb0349,1920,1080,59.9643,5.6033
P01/Về nhà cẩn thận/002.MOV,P01,Về nhà cẩn thận,002.MOV,8722860,9ca9d7f59bc1c040ce5ef6c77b5a7493a3595e35017d934bfa43f6d460080ef2,1920,1080,59.9649,5.7033
P01/Về nhà cẩn thận/003.MOV,P01,Về nhà cẩn thận,003.MOV,7702446,63eb5bc3d06e62d7113a044a8f7ed40c34d2e15928e9897e3cedf96829c0632f,1920,1080,59.9606,5.07
P01/Về nhà cẩn thận/004.MOV,P01,Về nhà cẩn thận,004.MOV,8229721,d980231c004e072aec24ebb134fab9f994350c94e4a466397bfe93b9f664d581,1920,1080,59.9632,5.4367
P01/Về nhà cẩn thận/005.MOV,P01,Về nhà cẩn thận,005.MOV,11910330,ccbdc55e8bd386c0ad3a5229910cf299b42526924af0f98cf068712edbec7aa4,1920,1080,59.962,7.8883
P01/Về nhà cẩn thận/006.MOV,P01,Về nhà cẩn thận,006.MOV,11686304,bdcad71c16dd2cb3ef511c4200258374ba6bc695f08e1007defaca5fe87644ac,1920,1080,59.9611,7.705
P01/Xin chào/001.MOV,P01,Xin chào,001.MOV,6912664,c2b20de426b7f8b347d2e34eccc777e134c91c56ea4571b4afd17dd8811ab2f9,1920,1080,59.9561,4.5533
P01/Xin chào/002.MOV,P01,Xin chào,002.MOV,7273780,3560811e8cbd61870b6e998dcbf888a7898eb21eaa9e36d7b4f44f0ef400c585,1920,1080,59.9575,4.7033
P01/Xin chào/003.MOV,P01,Xin chào,003.MOV,5021360,49ef4309ba5f5eb2c09183b97151001e8c76d0450671fb667ccc2a0cf126b924,1920,1080,59.9696,3.285
P01/Xin chào/004.MOV,P01,Xin chào,004.MOV,5599081,987895af05e3a8b3b5ad8ad6b95095527752715b39f25bfe5cd62c21917204f5,1920,1080,59.9726,3.6517
P01/Xin chào/005.MOV,P01,Xin chào,005.MOV,8411664,ecc9df69476cbca3ae45b3ff8e43cc45390758486d731513665a207e7cad6233,1920,1080,59.9637,5.5033
P01/Xin chào/006.MOV,P01,Xin chào,006.MOV,8883981,0fa63e1a88c4f0ba4caf010126c5eec2183027e30b5c62979eb177d0c85a9804,1920,1080,59.9653,5.77
P01/Xin lỗi/001.MOV,P01,Xin lỗi,001.MOV,6054791,f8b3e5b534de8d79df8a3206d5928548a73ece9d9e78f6ca71597e4b6e1d5c06,1920,1080,59.9492,3.9367
P01/Xin lỗi/002.MOV,P01,Xin lỗi,002.MOV,7584887,548800b2bcdeaeedf7b16aad3e32057a979afd3e175222c925b4548bac335f81,1920,1080,59.9596,4.9533
P01/Xin lỗi/003.MOV,P01,Xin lỗi,003.MOV,6077571,74ad30f52b57c8c460802bb36256612d9b9dbf6ddcc8f372f58a9a68ad7aacd5,1920,1080,59.9494,3.9533
P01/Xin lỗi/004.MOV,P01,Xin lỗi,004.MOV,6159638,54391d9da0e3ac2e4a6ee3fb2ce069a73b185038a67ee8efb89492cfa0d8b5bf,1920,1080,59.9502,4.02
P01/Xin lỗi/005.MOV,P01,Xin lỗi,005.MOV,7335371,b70221a4fe0544e8b1a42366efaaed07dba18a72f2d9a7a60446419d4599596d,1920,1080,59.9576,4.72
P01/Xin lỗi/006.MOV,P01,Xin lỗi,006.MOV,8521602,d003b60e1dd5edb6c1e9ddc84bd993d542282c26b3112357399098721901bcb7,1920,1080,59.9641,5.57
P01/Đi đâu/001.MOV,P01,Đi đâu,001.MOV,5429741,4c183cbabcdc78cae3f71f2f9b6871461c8932d49c4b340f28d81831c4050142,1920,1080,59.9717,3.535
P01/Đi đâu/002.MOV,P01,Đi đâu,002.MOV,5602365,2ee8c6909b017ddc32b3fba3d40041f32412dd430cc8ef7370ad62c5e2b8f7ef,1920,1080,59.9732,3.735
P01/Đi đâu/003.MOV,P01,Đi đâu,003.MOV,5161660,84f9d62f3ceb3f06219ad2b163948eeaf5ef2f32157690c9f4490dc5d01ace19,1920,1080,59.9707,3.4183
P01/Đi đâu/004.MOV,P01,Đi đâu,004.MOV,4978629,f87ca848d75cf39247c3aa4919992f2e616083776f3a4250aa1c78b224974504,1920,1080,59.9694,3.2683
P01/Đi đâu/005.MOV,P01,Đi đâu,005.MOV,6398925,0b411daeaaf8e2f423b1efb4a6c1ecae794fd6957dc3ea56a8711055d54858b7,1920,1080,59.9526,4.22
P01/Đi đâu/006.MOV,P01,Đi đâu,006.MOV,6196729,321e28c98e638d008ebdee06f35ab53d20180c5a263b15ed0d387914eb18cacd,1920,1080,59.9755,4.085
P01/Được không/001.MOV,P01,Được không,001.MOV,8080978,5639885393961d8c8ed2ba88e231e35ce9157ef8e691928c446696129833c3b7,1920,1080,59.9619,5.2533
P01/Được không/002.MOV,P01,Được không,002.MOV,8063885,e59b2e4dc7966b6b66835aa9d0ee4332493dc1be6647e4a096039363e060cb54,1920,1080,59.9618,5.2367
P01/Được không/003.MOV,P01,Được không,003.MOV,7128914,a4fe8472c570b071e6946f98b4c5d544d68b5ea7daca3555a1651cb22c945cb7,1920,1080,59.957,4.6533
P01/Được không/004.MOV,P01,Được không,004.MOV,7428756,bbc854e74d86928312882f190f0a0b60498392edc9886402a2e1b5b6f07e2989,1920,1080,59.9582,4.7867
P01/Được không/005.MOV,P01,Được không,005.MOV,10582136,a189467b27c6c9b4624703a2c245f63c6d3d4f2b1f9d29ccea7e501c2025e5c3,1920,1080,59.9562,6.855
P01/Được không/006.MOV,P01,Được không,006.MOV,9091202,e48487e09b7caeb9d3ca31adc698ddb5f25c4a4e66953b3672192fc7a8407525,1920,1080,59.9659,5.87
P02/Bạn có cần giúp đỡ không/001.MOV,P02,Bạn có cần giúp đỡ không,001.MOV,10169440,0fd4e358483aa7d257ee448dc6584c8066501092e17d58876bd48f349555f79f,1920,1080,59.9702,6.7033
P02/Bạn có cần giúp đỡ không/002.MOV,P02,Bạn có cần giúp đỡ không,002.MOV,11523294,f567210c3dc0e5c8682ee8531dd3f31506cc7b79cf65eb3cb26a2f160919cc32,1920,1080,59.9606,7.605
P02/Bạn có cần giúp đỡ không/003.MOV,P02,Bạn có cần giúp đỡ không,003.MOV,8017325,07a3d55514a3a68248ca08a28e3b6bdb73f8e6d66ef68bde2c4556942f6efbc1,1920,1080,59.9625,5.3367
P02/Bạn có cần giúp đỡ không/004.MOV,P02,Bạn có cần giúp đỡ không,004.MOV,8073857,02e8053f9c0d16de702def4a65016d7901379ce79db0b9a43f68a973b524b5a8,1920,1080,59.9628,5.37
P02/Bạn có cần giúp đỡ không/005.MOV,P02,Bạn có cần giúp đỡ không,005.MOV,8652520,3ddde6163481974e7daa3a2051dfc0b6f17b9c243009ecd9047f00592290a3b9,1920,1080,59.9649,5.7033
P02/Bạn có cần giúp đỡ không/006.MOV,P02,Bạn có cần giúp đỡ không,006.MOV,8716213,e5cddf12ee12f38b18643fbace65c7085ba98c98acec45c78b8d789cc40b66dc,1920,1080,59.9651,5.7367
P02/Bạn có vấn đề gì không/001.MOV,P02,Bạn có vấn đề gì không,001.MOV,9348399,69d7500ff56dc67ce002f3a65fd6d261799e7e688c18cf464afef26a00d8cd81,1920,1080,59.968,6.2533
P02/Bạn có vấn đề gì không/002.MOV,P02,Bạn có vấn đề gì không,002.MOV,9305698,5a9a4d308f5396b133412e300151497eabce138f60f3724f980a3a37ecb2e562,1920,1080,59.9677,6.1867
P02/Bạn có vấn đề gì không/003.MOV,P02,Bạn có vấn đề gì không,003.MOV,9058686,ea729e5ef3005fbbd9ce366302f602c71cc23018c7d5fa55d90ba02bae63781b,1920,1080,59.9665,5.97
P02/Bạn có vấn đề gì không/004.MOV,P02,Bạn có vấn đề gì không,004.MOV,8729958,2bcbdc2f84b8ea952f8d88f77a2f0e41dfc442bc1a32cf67c68b5460d6146d49,1920,1080,59.9653,5.77
P02/Bạn có vấn đề gì không/005.MOV,P02,Bạn có vấn đề gì không,005.MOV,8945634,ec9bc4ac4f1de5404673052e29a8c20cd04a7299b742a3f61fc827e2bc2ac6a1,1920,1080,59.9658,5.8533
P02/Bạn có vấn đề gì không/006.MOV,P02,Bạn có vấn đề gì không,006.MOV,7674636,9e5e51aefaa674ccf123bc989d94bc434268fde116d98c206bde59be0450293c,1920,1080,59.9604,5.0533
P02/Bạn quê ở đâu/001.MOV,P02,Bạn quê ở đâu,001.MOV,10738614,e892bc096e0415cef72b6365b27df45d307a21d7da33db628e682af688eee8d5,1920,1080,59.9584,7.205
P02/Bạn quê ở đâu/002.MOV,P02,Bạn quê ở đâu,002.MOV,10170732,78f764e34a81680b6518efc9d2eb620544af8a2a5257c7055a44c39650519482,1920,1080,59.9705,6.77
P02/Bạn quê ở đâu/003.MOV,P02,Bạn quê ở đâu,003.MOV,8706777,490fbfa6b341151653eae1a0366904fe169f760d32e1b997c2eaa24fbbe33cd0,1920,1080,59.965,5.72
P02/Bạn quê ở đâu/004.MOV,P02,Bạn quê ở đâu,004.MOV,7545205,733e1c9794dd29444ddf42a9e090a16420f13632e50a81cfdef0878448c99bb2,1920,1080,59.9599,4.9867
P02/Bạn quê ở đâu/005.MOV,P02,Bạn quê ở đâu,005.MOV,9495067,79b7a16a844be860265b6d440c118656620d0128ffc10891a858baf3547136e3,1920,1080,59.9679,6.2367
P02/Bạn quê ở đâu/006.MOV,P02,Bạn quê ở đâu,006.MOV,8850156,3fd8bdeecc8e2abc8fd279b11fb5b39efcb65f14b6b4c330eddfb9f702eff2f5,1920,1080,59.9652,5.7533
P02/Bạn tên gì/001.MOV,P02,Bạn tên gì,001.MOV,10544537,cd11e00f7030faa4f3f68396bdf2c210e95ee319e6b2230e799f0811e0a4ffd1,1920,1080,59.9571,6.9883
P02/Bạn tên gì/002.MOV,P02,Bạn tên gì,002.MOV,11232854,4f928120baeb9a2970b4ea9202cd27103694d1ce2b07cf7bb85c0aef8396f394,1920,1080,59.9598,7.4717
P02/Bạn tên gì/003.MOV,P02,Bạn tên gì,003.MOV,7576612,8504f628ddb37daa5095f56f2932cb7e46e2724805537f77d5a714a828e9be85,1920,1080,59.9602,5.02
P02/Bạn tên gì/004.MOV,P02,Bạn tên gì,004.MOV,6585436,e05de012752773cabec8118e8e4826d40222e4d5723113ea733e3da04d01a597,1920,1080,59.9544,4.3867
P02/Bạn tên gì/005.MOV,P02,Bạn tên gì,005.MOV,7553322,b9848155e53e801eb39c348f55b2dca865a848c53b413e132f334c8f7add4d44,1920,1080,59.9599,4.9867
P02/Bạn tên gì/006.MOV,P02,Bạn tên gì,006.MOV,7518647,90ef06b1134e21dcc4d48891a44f4f10884ba7cb2fe4c570d88beb231a94d944,1920,1080,59.9596,4.9533
P02/Bạn đang làm gì/001.MOV,P02,Bạn đang làm gì,001.MOV,10319346,1ee1689fcbd801710e821104143a5375c982e062d2269d4c74a38b668411e959,1920,1080,59.9559,6.805
P02/Bạn đang làm gì/002.MOV,P02,Bạn đang làm gì,002.MOV,8216037,d9d24d770e03e2766127fbd06c780c051a13f7f2bc426ae4c18fc03d5578f148,1920,1080,59.9634,5.47
P02/Bạn đang làm gì/003.MOV,P02,Bạn đang làm gì,003.MOV,6685197,418ec0d0dcc8631bc60c51d6088173b62b0663d9f327d0b866becab8b3a42e04,1920,1080,59.9553,4.47
P02/Bạn đang làm gì/004.MOV,P02,Bạn đang làm gì,004.MOV,6612680,e7a77a7b5c3d233f81a4f40554c4fc917737731d1f7115dd7695d97b1f9cf441,1920,1080,59.9548,4.42
P02/Bạn đang làm gì/005.MOV,P02,Bạn đang làm gì,005.MOV,7669042,9dee69a88a72bdbe49674e61a3e9dd911fdd29dc7fa507cb65b50213ee3f0c2a,1920,1080,59.9608,5.1033
P02/Bạn đang làm gì/006.MOV,P02,Bạn đang làm gì,006.MOV,7632842,fcfff986b97783b90c05b43b80c337c833f7aec05a26bff6f9a7df8cabf19e95,1920,1080,59.9606,5.07
P02/Chuyện gì/001.MOV,P02,Chuyện gì,001.MOV,8406780,196ed0be2a0106af1bb6fad44c253feaf3849e18cad07f1df7d1a3dd375d5f49,1920,1080,59.9639,5.5367
P02/Chuyện gì/002.MOV,P02,Chuyện gì,002.MOV,7066413,2d6e76c26d6e797a93f20ca24575cf898b31d15fd3c66f5197b4c91db0ba73c2,1920,1080,59.9569,4.6367
P02/Chuyện gì/003.MOV,P02,Chuyện gì,003.MOV,6523207,5a81d6bbfc39d4b153291be3200887630a7d7d424e99cc73bcf3487d630b5fb0,1920,1080,59.9533,4.2867
P02/Chuyện gì/004.MOV,P02,Chuyện gì,004.MOV,5963518,46076e4abd775da9dbcec6bd8e6d7bdca3da4b9692fa98b9749922884e834dc2,1920,1080,59.9743,3.885
P02/Chuyện gì/005.MOV,P02,Chuyện gì,005.MOV,6380241,4d63866087c108c993cbee197748ec37c07b457341bf35e1a512449715156f62,1920,1080,59.9522,4.1867
P02/Chuyện gì/006.MOV,P02,Chuyện gì,006.MOV,6467041,8c604318a1f6908edd8d0253083895c83836afc7f9a0d52a39a4f1d06b5af2c3,1920,1080,59.9528,4.2367
P02/Cảm ơn/IMG_1391.MOV,P02,Cảm ơn,IMG_1391.MOV,6289106,804560d614889529088c2a72b94e53c1af260374a5060c291f80f120885258d4,1920,1080,59.9522,4.1867
P02/Cảm ơn/IMG_1392.MOV,P02,Cảm ơn,IMG_1392.MOV,6682366,e5a2366d8fa3623e6c1edbf0faf627d91045178c07ddf6b6cbdd8276dd97f555,1920,1080,59.9549,4.4367
P02/Cảm ơn/IMG_1393.MOV,P02,Cảm ơn,IMG_1393.MOV,6695055,9e4519bb1b47b1976c8c4bf007b32861ebb92ba1d7f9e48d11a2f847be40b75a,1920,1080,59.9553,4.47
P02/Cảm ơn/IMG_1394.MOV,P02,Cảm ơn,IMG_1394.MOV,5376375,dd2007e1b69fcd1f817b4702388456dd2ca8529abfed117d704287f1fdf7e169,1920,1080,59.972,3.5683
P02/Cảm ơn/IMG_1395.MOV,P02,Cảm ơn,IMG_1395.MOV,8404610,d4bf26300a37caad933882d0d294ba17a9479e7c16a5705c6c3330e5fd558170,1920,1080,59.9643,5.6033
P02/Cảm ơn/IMG_1396.MOV,P02,Cảm ơn,IMG_1396.MOV,7872394,c7a60f9df34f58f0ab07f29de322f5fbc15772e5db61d8f8987fe72138d95676,1920,1080,59.9617,5.22
P02/Gọi xe cứu thương/001.MOV,P02,Gọi xe cứu thương,001.MOV,11357978,a1375892ec80e19d24319b8cc6156aef905087a5c72a8dd85571ac96c5bf31b9,1920,1080,59.9599,7.4883
P02/Gọi xe cứu thương/002.MOV,P02,Gọi xe cứu thương,002.MOV,8904089,472b46f31b80c0c92468c36c547ca74881c13057cc267d6948983707d7373882,1920,1080,59.9659,5.87
P02/Gọi xe cứu thương/003.MOV,P02,Gọi xe cứu thương,003.MOV,7507023,f56f7af3bd700ed249f8fbb6ca951db276036a19690cefa7de495be2bb10d537,1920,1080,59.9595,4.9367
P02/Gọi xe cứu thương/004.MOV,P02,Gọi xe cứu thương,004.MOV,5802914,e05e49e165a379d045842f8f9f23443bad4d8f4fcbe7f6ec52c946ccc3cf0d5b,1920,1080,59.9735,3.7683
P02/Gọi xe cứu thương/005.MOV,P02,Gọi xe cứu thương,005.MOV,6210958,49e190434639358a0652e9ab23c13b0c74f29d3e820c8eee84bf60897affe060,1920,1080,59.9513,4.1033
P02/Gọi xe cứu thương/006.MOV,P02,Gọi xe cứu thương,006.MOV,7735300,75d47d8153a764778a57b32bad905373da393417bd12dd67d4c93beca97670ba,1920,1080,59.9609,5.12
P02/Hôm nay bạn khỏe không/001.MOV,P02,Hôm nay bạn khỏe không,001.MOV,13291573,7f8754fcdec3defc5944cc5652a896d1356132480700083cceaafc1e4708456e,1920,1080,59.9654,8.6717
P02/Hôm nay bạn khỏe không/002.MOV,P02,Hôm nay bạn khỏe không,002.MOV,7109059,e733485888e1f09275d9c9e911598ebe2ab4e20d6f1351cb6bdf353d228d9d2c,1920,1080,59.9401,9.5095
P02/Hôm nay bạn khỏe không/003.MOV,P02,Hôm nay bạn khỏe không,003.MOV,11045236,e1997285cf38eebb58e4b25ea1b4ae103ed945b9c355183c522e256ea9248f03,1920,1080,59.9589,7.305
P02/Hôm nay bạn khỏe không/004.MOV,P02,Hôm nay bạn khỏe không,004.MOV,9099352,2c6eff4af53a3788e72dec46e0dada71ddd3669e726d7e455c5acf006d3c39ce,1920,1080,59.9669,6.0367
P02/Hôm nay bạn khỏe không/005.MOV,P02,Hôm nay bạn khỏe không,005.MOV,11423874,a729098cf04a3b32f2562a62525441d311714cc6820472c58736fa3c3c01078a,1920,1080,59.96,7.505
P02/Hôm nay bạn khỏe không/006.MOV,P02,Hôm nay bạn khỏe không,006.MOV,8924109,68a11d2be9c0199d0f52af15351000e07e01d3629df5ad441b535738def0f4f1,1920,1080,59.966,5.8867
P02/Lâu rồi không gặp/001.MOV,P02,Lâu rồi không gặp,001.MOV,14480460,dc2e23afaa53ce59a6198772a3c99a9c81c7cfcca9f0307e594bad415e428e45,1920,1080,59.9683,9.455
P02/Lâu rồi không gặp/002.MOV,P02,Lâu rồi không gặp,002.MOV,13888708,048bcd65491fa19d659b0913ca1681acd90c6322671ca9c7e303b94432fafae0,1920,1080,59.9671,9.1217
P02/Lâu rồi không gặp/003.MOV,P02,Lâu rồi không gặp,003.MOV,9064837,341c8f5862e471b50f71d715e056f2dad357f009c627396c7032bfb67f9b2292,1920,1080,59.9664,5.9533
P02/Lâu rồi không gặp/004.MOV,P02,Lâu rồi không gặp,004.MOV,9144143,bd4d81bfb77eddf59ee0fab4585c3ab26dcb3b7c4f43884c789e75d592ac235b,1920,1080,59.9667,6.0033
P02/Lâu rồi không gặp/005.MOV,P02,Lâu rồi không gặp,005.MOV,9355618,af575ad317f0e88bb200aedb2d4e8d8ecfbe3af8cb30a01c649c4e719d610d7e,1920,1080,59.9673,6.12
P02/Lâu rồi không gặp/006.MOV,P02,Lâu rồi không gặp,006.MOV,9179488,80c8399951eb93ff0840ae7db3f1710c08a8f1b14c3fdf82cb6016354139623e,1920,1080,59.9665,5.97
P02/Mấy tuổi/001.MOV,P02,Mấy tuổi,001.MOV,8918434,f809b13c0eca96dbda5486a9ee11a944d9fc5485bde654f1d4b53f94cea08a01,1920,1080,59.9652,5.7533
P02/Mấy tuổi/002.MOV,P02,Mấy tuổi,002.MOV,9148569,eaf7ec7085a3a7f486aab3656fce2f37a0e88396b2cbec9f8efc8a37a6ada2a2,1920,1080,59.9663,5.9367
P02/Mấy tuổi/003.MOV,P02,Mấy tuổi,003.MOV,7732096,ae0b225f6445376322589399428165f5f26ec5a406119771cca52601275a6617,1920,1080,59.9604,5.0533
P02/Mấy tuổi/004.MOV,P02,Mấy tuổi,004.MOV,7119085,ca03c65e3c16c2697aeb0fcb457edc1fcaaf4c15964ef802a052bfa046c572b5,1920,1080,59.957,4.6533
P02/Mấy tuổi/005.MOV,P02,Mấy tuổi,005.MOV,8045140,657fb43686ca5b6155e53522882455bcb1f8bfea1f6d856d61e34e9208ca4044,1920,1080,59.9622,5.2867
P02/Mấy tuổi/006.MOV,P02,Mấy tuổi,006.MOV,8017056,f8fbd7ed21e14699732c06b6a1e7d0ab3e90b44d3df0f3315af7d72285a8bf38,1920,1080,59.9618,5.2367
P02/Như thế nào/001.MOV,P02,Như thế nào,001.MOV,7978539,94e1d4ce4d2e8f31ad529c0ac16da3ef4fb8815a85e3a91dbbb0dd0b53233dbc,1920,1080,59.9617,5.22
P02/Như thế nào/002.MOV,P02,Như thế nào,002.MOV,7727993,480dd6a0801f0065945d5245f9f8f5d5179602bce181d23a3fa85c6e48b837aa,1920,1080,59.9604,5.0533
P02/Như thế nào/003.MOV,P02,Như thế nào,003.MOV,5454029,5f3774cb287b785c2c6bbcd08448a90f24e1e9e789f65504f32a39b56bdbc7b9,1920,1080,59.9722,3.6017
P02/Như thế nào/004.MOV,P02,Như thế nào,004.MOV,4562958,31a967a93c19946ffb1a496ec82111fc33addb289075dccfc9191bb116d6ac84,1920,1080,59.9661,2.9517
P02/Như thế nào/005.MOV,P02,Như thế nào,005.MOV,5947432,c2c08bd98b1da2b05406309b55786750f0b7d024dce2337ea8d7f533161f89f0,1920,1080,59.974,3.8517
P02/Như thế nào/006.MOV,P02,Như thế nào,006.MOV,5869189,31e7b7ac903e9781772312d603bc21661ff4142a612d7a92144ec80eff9417fa,1920,1080,59.9736,3.785
P02/Rất vui được gặp bạn/001.MOV,P02,Rất vui được gặp bạn,001.MOV,10160590,ede466c4348c85de3366a6386242a1cd1a940291901dc274933a5ad2fc51ea70,1920,1080,59.9699,6.6533
P02/Rất vui được gặp bạn/002.MOV,P02,Rất vui được gặp bạn,002.MOV,10840381,b394f73dcd0e928ed6d48f16b52ff9eeecb8ee1e5e7ea633b53822db63b8cacf,1920,1080,59.958,7.1383
P02/Rất vui được gặp bạn/003.MOV,P02,Rất vui được gặp bạn,003.MOV,6671997,c4007a00293809b2bbc398ad1e9103432813e22e0d624e14c4444d92b39381b2,1920,1080,59.9548,4.42
P02/Rất vui được gặp bạn/004.MOV,P02,Rất vui được gặp bạn,004.MOV,6818338,5093d9fa8f406b8e9d4b3fd1ff5a8114b3bac9c14c7cb9003c8ffcf8a9373eec,1920,1080,59.9558,4.52
P02/Rất vui được gặp bạn/005.MOV,P02,Rất vui được gặp bạn,005.MOV,6925978,342263032310b52108115484509c465db0450caa16d30e3c666fee2ed798c0c2,1920,1080,59.9562,4.57
P02/Rất vui được gặp bạn/006.MOV,P02,Rất vui được gặp bạn,006.MOV,7702632,3dce020816083dbfad1ff8deb022361a8d4375b89a315da89d651735f2ec5a8d,1920,1080,59.9604,5.0533
P02/Sao thế/001.MOV,P02,Sao thế,001.MOV,7312645,cd0ec5b0d53767f7b4366a7b8aa2e64dc1545a9fb4d1df6496abafc4241e0d55,1920,1080,59.9582,4.7867
P02/Sao thế/002.MOV,P02,Sao thế,002.MOV,7424870,c018cf9a359fe5830f239c6f7a145e2544d4ca09937d72560cb440d051ed8509,1920,1080,59.9589,4.87
P02/Sao thế/003.MOV,P02,Sao thế,003.MOV,5518891,b62af0e0dd1f119734feb526c45b37163a6b4d1e46a803751910f9af09a3973d,1920,1080,59.9726,3.6517
P02/Sao thế/004.MOV,P02,Sao thế,004.MOV,5521059,3f164edf9e76e687d09172941cf1e1f44c277f3764bbffef1a316e58637025a5,1920,1080,59.9725,3.635
P02/Sao thế/005.MOV,P02,Sao thế,005.MOV,5436530,e09391503f1432e07698292a934fe14319ad817ce7b06c667cdef75f0c884311,1920,1080,59.9721,3.585
P02/Sao thế/006.MOV,P02,Sao thế,006.MOV,5654242,8c776bfe3f0e11090641b809c1178f5eb010babd2a1bb7293164e79483868f50,1920,1080,59.9732,3.735
P02/Siêu thị/001.MOV,P02,Siêu thị,001.MOV,7693920,136ddd690ee7bfacf1a1021db6f6891425eff14bec44816d3dc1359f74ae61d9,1920,1080,59.9604,5.0533
P02/Siêu thị/002.MOV,P02,Siêu thị,002.MOV,6406276,dfcdbf3039d1a85ca570982758e9541f26f7b3fd9c554393f9ab5d4fb8d909b6,1920,1080,59.9526,4.22
P02/Siêu thị/003.MOV,P02,Siêu thị,003.MOV,5847844,c073c5895f82c65c940e26b58f11df2cb063247d63de539f2843e908e02f6df2,1920,1080,59.9738,3.8183
P02/Siêu thị/004.MOV,P02,Siêu thị,004.MOV,6117846,4dd14c8bdaee1bcd910aeefc3b1a43f1b288902c093b2b66bef5f952b31102a8,1920,1080,59.9751,4.0183
P02/Siêu thị/005.MOV,P02,Siêu thị,005.MOV,5868011,1deaf91db3d3a5340f6cf0e1a202ec5fb9ea5fc75dc95d071368122bd3a9b409,1920,1080,59.9738,3.8183
P02/Siêu thị/006.MOV,P02,Siêu thị,006.MOV,6392859,bb2e78ecd9e4e88321f2d90a0ec2682c2c3dce395b92ad11e6136e37f143a936,1920,1080,59.9526,4.22
P02/Tôi bình thường/001.MOV,P02,Tôi bình thường,001.MOV,8801798,8371e659aee83dfa0af63811b3b1266d7bbb118ce05d33d311ec8137c7d096fb,1920,1080,59.9655,5.8033
P02/Tôi bình thường/002.MOV,P02,Tôi bình thường,002.MOV,10324496,bd1601db4f0e2f1b5d58bd97e4ebc6e144061a7de1b4c67fee11b8285b08d134,1920,1080,59.9706,6.8033
P02/Tôi bình thường/003.MOV,P02,Tôi bình thường,003.MOV,6051155,b10d32f2f08c2c03daa789bccb9287761de35a61c11f48b327af8e10c97f6b7e,1920,1080,59.9748,3.9683
P02/Tôi bình thường/004.MOV,P02,Tôi bình thường,004.MOV,6339838,eb13a6b33c98f57fa63c00a1f10a319c98458b485d5279394ca4b9f76dfecd5c,1920,1080,59.952,4.17
P02/Tôi bình thường/005.MOV,P02,Tôi bình thường,005.MOV,6899421,5925a48b2889628735bb2faf94c0fab6ccd1a5910c1e39652d80f390fab21255,1920,1080,59.9561,4.5533
P02/Tôi bình thường/006.MOV,P02,Tôi bình thường,006.MOV,7582400,9fd3d063a559338901f66706328d331c152fd133409ff127c44ba2fe2cc3d73f,1920,1080,59.9602,5.02
P02/Tôi không khỏe/001.MOV,P02,Tôi không khỏe,001.MOV,11379545,9a6ab26c68d5b7c484b40f84091b180ddab63070c8723dbc8971cc98a066aac5,1920,1080,59.96,7.505
P02/Tôi không khỏe/002.MOV,P02,Tôi không khỏe,002.MOV,10545401,9e04cb2b4764e493d07710958bb090fad5b93b0a05beee9ae630d804e5ac7198,1920,1080,59.9573,7.0217
P02/Tôi không khỏe/003.MOV,P02,Tôi không khỏe,003.MOV,8998381,de14038916daf1ff8bbadff58a913056e8d1e7b2d0221c30b2ed781e82974d7a,1920,1080,59.9665,5.97
P02/Tôi không khỏe/004.MOV,P02,Tôi không khỏe,004.MOV,7848526,76e67caa7492570b2d4007208d06a8a878d0764b815aac2b2e770ba0c879a613,1920,1080,59.9617,5.22
P02/Tôi không khỏe/005.MOV,P02,Tôi không khỏe,005.MOV,6720985,fe3ddeb221e2bc6ca8f55d3f79bee771ea9749b9c123233b4d39df0a573e9daa,1920,1080,59.9554,4.4867
P02/Tôi không khỏe/006.MOV,P02,Tôi không khỏe,006.MOV,8093573,e13821daf871180597d61843b5e6cb99337392eeda3bc45bee6f6df4256b9f15,1920,1080,59.9629,5.3867
P02/Tôi khỏe/001.MOV,P02,Tôi khỏe,001.MOV,7612643,63ba93bc07fdcfab2954595d6b4cf02a06d0eec95231a755cf363e402167d418,1920,1080,59.9603,5.0367
P02/Tôi khỏe/002.MOV,P02,Tôi khỏe,002.MOV,8302462,dc5951e7bf4abee8e3ac6d5a3be03da53d0f7d2026812f16d356ab4e997c7e25,1920,1080,59.9638,5.52
P02/Tôi khỏe/003.MOV,P02,Tôi khỏe,003.MOV,6338763,b2cafd190a0a0cc671c3317f5dc9df1023e58369709c35b2b510a73aa1306aaa,1920,1080,59.9526,4.22
P02/Tôi khỏe/004.MOV,P02,Tôi khỏe,004.MOV,5222965,a8437b7f53f621d317cfdb9ddb805a71fd7180181977ee36e384a1e28adf61a5,1920,1080,59.9712,3.4683
P02/Tôi khỏe/005.MOV,P02,Tôi khỏe,005.MOV,6933979,206f55a13b3f139e6509e784f04f4bba37c6962be06fc9f9899500232912b975,1920,1080,59.9567,4.62
P02/Tôi khỏe/006.MOV,P02,Tôi khỏe,006.MOV,6417518,b919fd1663c7dc0ef96876f80164aa9b13241ececb85790df452147a3ad3813e,1920,1080,59.9532,4.27
P02/Tạm biệt/001.MOV,P02,Tạm biệt,001.MOV,9439046,dcc57058eb8ba5f638982b5c6f17bfb6716c0b658360ee4c519d40e61925990f,1920,1080,59.9678,6.2033
P02/Tạm biệt/002.MOV,P02,Tạm biệt,002.MOV,8190010,8dbe196d04d084d1e2f499758cd0faf55c9e2831b2e8a6267dbf13784ed016b6,1920,1080,59.9629,5.3867
P02/Tạm biệt/003.MOV,P02,Tạm biệt,003.MOV,8445398,f3c6e63d1e5ae3f29cabe25ac7c49151f34073bce99349640b8185df0eac611f,1920,1080,59.9642,5.5867
P02/Tạm biệt/004.MOV,P02,Tạm biệt,004.MOV,6864616,d1692fb612ff6654d5e977624cf48c79107e3238f3f61820a598a2531851ea48,1920,1080,59.9559,4.5367
P02/Tạm biệt/005.MOV,P02,Tạm biệt,005.MOV,7872392,6081affb20fa7965ecaa0027e9f3e51653ed5acf7d3a131cb82ccda1232bce84,1920,1080,59.9614,5.1867
P02/Tạm biệt/006.MOV,P02,Tạm biệt,006.MOV,7595988,9b8f740b6eec7a6215d3aa412f966a91b5ff64b2e6488029a433c3e3afdc195f,1920,1080,59.9598,4.97
P02/Về nhà cẩn thận/001.MOV,P02,Về nhà cẩn thận,001.MOV,9920843,9012bbcc111fadd92f5fae7563510234d48f58c03786f06fc8b1c4f9bd58b12e,1920,1080,59.9696,6.57
P02/Về nhà cẩn thận/002.MOV,P02,Về nhà cẩn thận,002.MOV,12914084,1a229c6a8776cd12e443c039af917e14839ccd2af2c4b3f776ae1f21b17a5ccb,1920,1080,59.965,8.5717
P02/Về nhà cẩn thận/003.MOV,P02,Về nhà cẩn thận,003.MOV,8495922,a6586a3a5f4f7a75692e21c107a2efcfbf610dab6101dccdfbd371199095143f,1920,1080,59.9644,5.62
P02/Về nhà cẩn thận/004.MOV,P02,Về nhà cẩn thận,004.MOV,6511053,3c169db74bf55e45f1c775f64e58981543fbec2709cd4f181c74bce9dac3706e,1920,1080,59.9541,4.3533
P02/Về nhà cẩn thận/005.MOV,P02,Về nhà cẩn thận,005.MOV,10805109,813874d41a542a6ce5958508bad4ad2a8d9dc9e900791c44c724837744e7bb5e,1920,1080,59.9585,7.2217
P02/Về nhà cẩn thận/006.MOV,P02,Về nhà cẩn thận,006.MOV,10230497,3a8476e501d51889661ed892b425e8ab2d3bdfc5fa6b9d1c38e2f61a0f37250b,1920,1080,59.956,6.8217
P02/Xin chào/001.MOV,P02,Xin chào,001.MOV,7336141,7a48fa260bc6b240ba266ba1747078c150ddf5717b28b2ead021a786912e5f3a,1920,1080,59.9586,4.8367
P02/Xin chào/002.MOV,P02,Xin chào,002.MOV,7897403,10f25f85374cedc13f6ec089d0e4fbd95da033e7486df07d49c8aac8dcb437ec,1920,1080,59.9619,5.2533
P02/Xin chào/003.MOV,P02,Xin chào,003.MOV,6667461,58c2919359dd38457696a4daf7ac54d7e3a8d63919f54ef5272e314bfd3b2060,1920,1080,59.9554,4.4867
P02/Xin chào/004.MOV,P02,Xin chào,004.MOV,6663780,84b94a45af8a2b91a2e59a950ccecdc898efa8485e0024032bd92b68574a1a26,1920,1080,59.9554,4.4867
P02/Xin chào/005.MOV,P02,Xin chào,005.MOV,7483118,88ee62a781cfaccdcb25831b647708c487beede85428b29b31b521644f5b24b6,1920,1080,59.96,5.0033
P02/Xin chào/006.MOV,P02,Xin chào,006.MOV,6726394,02fbae7dc35543de106207ada6e2d9494252755c45017e975ac3ca23a2b508dd,1920,1080,59.9556,4.5033
P02/Xin lỗi/001.MOV,P02,Xin lỗi,001.MOV,7676444,11f160b7f49beb8f10f1138b8f4d2e98c9b2ce84f5bbc1c63293d0ae127e4675,1920,1080,59.9603,5.0367
P02/Xin lỗi/002.MOV,P02,Xin lỗi,002.MOV,8600946,f3f5729721474e1edc44f9aef38d29dca6e57190adf4a4a86450df3c2aa09d89,1920,1080,59.9648,5.6867
P02/Xin lỗi/003.MOV,P02,Xin lỗi,003.MOV,7574073,5f2e51518e4621282651aad9b62bdf71e92d55f0bc3c886a07d693c2ba70b04b,1920,1080,59.9598,4.97
P02/Xin lỗi/004.MOV,P02,Xin lỗi,004.MOV,6943144,4cfa31d91ca8e6241be159ed6d540b546517464662fecdb8a9349ef8d0261d77,1920,1080,59.9564,4.5867
P02/Xin lỗi/005.MOV,P02,Xin lỗi,005.MOV,8715665,723c601e5890e9ac7c7823379e02fa59a76f6fc86793b299a402f0b15cddae9c,1920,1080,59.9649,5.7033
P02/Xin lỗi/006.MOV,P02,Xin lỗi,006.MOV,7713208,008537c6ca4343bd6cce1b786a8ad31cf57417ffcd718614e93975826f79b423,1920,1080,59.9606,5.07
P02/Đi đâu/001.MOV,P02,Đi đâu,001.MOV,6552421,ba431e0d3cb0861fd7ed78a9fa42edd6133ec887043b3d9ad6301c12dbca0f01,1920,1080,59.9539,4.3367
P02/Đi đâu/002.MOV,P02,Đi đâu,002.MOV,6386766,1a4baa882f44da12c87efc89cc18a9ea3c1552f8074ed86dd4638fb5c9c2cbd9,1920,1080,59.9524,4.2033
P02/Đi đâu/003.MOV,P02,Đi đâu,003.MOV,5159944,0043341bade779d8bc8e3cba8c65b7f1991f0fc8957dcd4a03913c7349975227,1920,1080,59.9706,3.4017
P02/Đi đâu/004.MOV,P02,Đi đâu,004.MOV,5636829,0cc3f26e6b93777630214f49178dcaf93bfebd4a04b0d9507a05236e66a40f4a,1920,1080,59.9731,3.7183
P02/Đi đâu/005.MOV,P02,Đi đâu,005.MOV,6486468,8b043f540217dd14c467c7d94b1349a3e5ed0c00ec3898889f9afeca822c2ea8,1920,1080,59.9533,4.2867
P02/Đi đâu/006.MOV,P02,Đi đâu,006.MOV,5311746,96fc440e0f6bfd3f1a19b9ab77e9e659a612534d634d9b4a65ad41e7326d0508,1920,1080,59.9714,3.5017
P02/Được không/001.MOV,P02,Được không,001.MOV,7985137,2470b646f20fa5f93293aff51c7fd43fd414f1765c278cc63c1f345121b8976c,1920,1080,59.9613,5.17
P02/Được không/002.MOV,P02,Được không,002.MOV,8634298,4a6ce5f5a12a55373483e4b9ef5fe0ccc93ce86c9fd08bdca3a3cbc0a9c03384,1920,1080,59.9644,5.62
P02/Được không/003.MOV,P02,Được không,003.MOV,6821993,86be2f8b674354c9d90428f83e558210ab013b43fd310c756740466adbd3d0a1,1920,1080,59.9551,4.4533
P02/Được không/004.MOV,P02,Được không,004.MOV,6402454,2362cc47e7e3e58522ee4d1b8ef561510404efedb1268b97558eca4274fb9d5b,1920,1080,59.952,4.17
P02/Được không/005.MOV,P02,Được không,005.MOV,7819235,0b0308028c525177f3a31c8ae3401b3706672cc10de6bc0c4c88ab454d614045,1920,1080,59.9608,5.1033
P02/Được không/006.MOV,P02,Được không,006.MOV,6876348,690e68c2aab341235b313be795b0891e0a62420c39a2b952d4c04eb42ce8c73a,1920,1080,59.9556,4.5033
P03/Bạn có cần giúp đỡ không/001.mov,P03,Bạn có cần giúp đỡ không,001.mov,6881350,9903f4fff6729ef944a00419b3018a5dfe0a67c1cd1bfe04ce427f0268a72dad,1920,1080,59.9566,4.6033
P03/Bạn có cần giúp đỡ không/002.mov,P03,Bạn có cần giúp đỡ không,002.mov,7176690,23eef364c92588ec62a0d77aa000dcc08347a07be31894e2e7beddd3c658e73e,1920,1080,59.9579,4.7533
P03/Bạn có cần giúp đỡ không/003.mov,P03,Bạn có cần giúp đỡ không,003.mov,6223944,782583f43fd5cd4e90e141c89a4cb4387abcda9d9f929963d9e77c385b5bbe99,1920,1080,59.9517,4.1367
P03/Bạn có cần giúp đỡ không/004.mov,P03,Bạn có cần giúp đỡ không,004.mov,6952976,7ea05979cc4e7da73509ac78ac7d437cc33341340eace7857a82759bd093fe1b,1920,1080,59.957,4.6533
P03/Bạn có cần giúp đỡ không/005.mov,P03,Bạn có cần giúp đỡ không,005.mov,9037234,d22cd685f3d9809aaea6b1929d277d962bcbcbaf68d70bd93c069e0f8ef18f6f,1920,1080,59.9665,5.97
P03/Bạn có cần giúp đỡ không/006.mov,P03,Bạn có cần giúp đỡ không,006.mov,9552966,4eebe839dec6c972729bbe1ae7010873320999978ab554ddf8cd1162dc02f6b8,1920,1080,59.9683,6.3033
P03/Bạn có vấn đề gì không/001.mov,P03,Bạn có vấn đề gì không,001.mov,7935099,a08a1232de09cba907314e671e9acd5ba8a4691c12a3f582e6322f4933d70987,1920,1080,59.9619,5.2533
P03/Bạn có vấn đề gì không/002.mov,P03,Bạn có vấn đề gì không,002.mov,6854931,b20d5860e7de77b009358213c58f5a07a7ebd7fd5d413518375a05ea42dd02ac,1920,1080,59.9561,4.5533
P03/Bạn có vấn đề gì không/003.mov,P03,Bạn có vấn đề gì không,003.mov,6803667,631bd615c47841ab467015dc1ea9638ccc69776a7c01226d097f707c51e5f0cd,1920,1080,59.9558,4.52
P03/Bạn có vấn đề gì không/004.mov,P03,Bạn có vấn đề gì không,004.mov,6347505,f1c958e0c919782800353d09174c6eee1729934ff962915adde07d7d9e849d72,1920,1080,59.9524,4.2033
P03/Bạn có vấn đề gì không/005.mov,P03,Bạn có vấn đề gì không,005.mov,7677122,7c4bb92a0c62a6089b75533f484a0eb1c5262e248fc8be179c870adbeedb10dc,1920,1080,59.9606,5.07
P03/Bạn có vấn đề gì không/006.mov,P03,Bạn có vấn đề gì không,006.mov,8899044,a566ef5a13fb2823e08316779260cceb84782d5725290b7ec47a3f44de318229,1920,1080,59.9659,5.87
P03/Bạn quê ở đâu/001.mov,P03,Bạn quê ở đâu,001.mov,8005831,066bdd7eb2e36162466c4aeb5011895cde47eeccebe64d906bf1d3770de0a04c,1920,1080,59.963,5.4033
P03/Bạn quê ở đâu/002.mov,P03,Bạn quê ở đâu,002.mov,8552186,51debfcb319468a02aef34a6e0d0e9d3ff05dc224ff3675385cec016b9aeb691,1920,1080,59.965,5.72
P03/Bạn quê ở đâu/003.mov,P03,Bạn quê ở đâu,003.mov,9486866,a9de5f38773c1f8ff7346ec04e8f9946a3a0e8b1cc2e8c7fd92f3e77d1d096c2,1920,1080,59.9686,6.37
P03/Bạn quê ở đâu/004.mov,P03,Bạn quê ở đâu,004.mov,7054096,cae682aba1a920065c56d1dbe62aa153a4516b748e595afdff28bbb77917f1ca,1920,1080,59.9576,4.72
P03/Bạn quê ở đâu/005.mov,P03,Bạn quê ở đâu,005.mov,10515093,594ef7c9e0b301ac803fb39dde70cea793f563ebb95a3c368c5dbfeabde989f5,1920,1080,59.9575,7.055
P03/Bạn quê ở đâu/006.mov,P03,Bạn quê ở đâu,006.mov,11173885,996733b92c9e7af412c76565ba1789a43942d79c39953a4d32120e1a843ec731,1920,1080,59.9599,7.4883
P03/Bạn tên gì/001.mov,P03,Bạn tên gì,001.mov,7376073,404d1a6394b0d9fd448310c1b4beedb6b2985c32a27f2bc4c87021e0e9ef6d0d,1920,1080,59.9586,4.8367
P03/Bạn tên gì/002.mov,P03,Bạn tên gì,002.mov,7349879,d615391f5a0daa14441c4f848895e068ca0f0b294ff6c682a464d72e86d14b30,1920,1080,59.9586,4.8367
P03/Bạn tên gì/003.mov,P03,Bạn tên gì,003.mov,6621295,e31ad3d51fdaa8461bd1d5677f815eb7e4b390812d8df2de93d4ff78746802b8,1920,1080,59.9548,4.42
P03/Bạn tên gì/004.mov,P03,Bạn tên gì,004.mov,7088322,98a5f4e8b6fc45dd96739b6cb1d915255588dd0a1a3605b399da9d687a15ca12,1920,1080,59.9573,4.6867
P03/Bạn tên gì/005.mov,P03,Bạn tên gì,005.mov,9896848,f880717a688446274067032d4ab312f2b231f0e278594bb6cd60a8d0bc09fd42,1920,1080,59.9695,6.5533
P03/Bạn tên gì/006.mov,P03,Bạn tên gì,006.mov,9173470,b60b2cf5f05a3db3cc2ee25a9d0080fb6e813926b90b5e857477881409a2818b,1920,1080,59.9673,6.12
P03/Bạn đang làm gì/001.mov,P03,Bạn đang làm gì,001.mov,6560498,7f95ca00f1efc335d3542ce5ac6abd2807bfe5fe93658d470eb0a5a136d50d8c,1920,1080,59.9542,4.37
P03/Bạn đang làm gì/002.mov,P03,Bạn đang làm gì,002.mov,6788667,d4f202f10b8861ce849f3de2c1ca62977c7ab5daa335c387680bb73259d41937,1920,1080,59.9556,4.5033
P03/Bạn đang làm gì/003.mov,P03,Bạn đang làm gì,003.mov,5556422,3c980f0b68905a07846a68d2c7115bd6ab8d881ef8dee0b2683cfd020ee43807,1920,1080,59.9729,3.685
P03/Bạn đang làm gì/004.mov,P03,Bạn đang làm gì,004.mov,6141721,c8521f9fa6622d2de1a534e6f07e8c70482e6b2d78304a3f313073dd9534d93c,1920,1080,59.9754,4.0683
P03/Bạn đang làm gì/005.mov,P03,Bạn đang làm gì,005.mov,7988875,47c75e51546bef797b42faabb5f566830b20d88c8dde78d9556e12c09682026f,1920,1080,59.9624,5.32
P03/Bạn đang làm gì/006.mov,P03,Bạn đang làm gì,006.mov,8402326,50b9fa708fb9266322f2fd01d49e93e2cbcd17bd521db3e4c2d561b33ac3b05b,1920,1080,59.9643,5.6033
P03/Chuyện gì/001.mov,P03,Chuyện gì,001.mov,4743810,cd6174a1881ef073066b50c1f62cf54575033773e90e972774c07c9c3acac58f,1920,1080,59.9676,3.085
P03/Chuyện gì/002.mov,P03,Chuyện gì,002.mov,6213679,1ff41252212805243c7d46d31897fd77b0a6f02d4fc4602b04d740eb4c4cdd8d,1920,1080,59.9753,4.0517
P03/Chuyện gì/003.mov,P03,Chuyện gì,003.mov,5352251,598bcf70d4204a8cd511c733e267fe5bb1aaef31eab37326e401f8724e4a4e9c,1920,1080,59.9716,3.5183
P03/Chuyện gì/004.mov,P03,Chuyện gì,004.mov,5124030,560292c0d54190e5bc7eaf706f3959403ff4ad2bf3e28fb4d23af19180d86251,1920,1080,59.9702,3.3517
P03/Chuyện gì/005.mov,P03,Chuyện gì,005.mov,6102073,0cc8f0c2431cfaf6c4d976e8d68cc85a0e6ebec7f1854640d1cff984e97a3d36,1920,1080,59.9749,3.985
P03/Chuyện gì/006.mov,P03,Chuyện gì,006.mov,6100787,618b3af4db723bb121c7e0d3ba93214e1101d0991ad848281e4dcf52ae357d06,1920,1080,59.9748,3.9683
P03/Cảm ơn/001.mov,P03,Cảm ơn,001.mov,5836159,b4ccd0c12ed6d561d03a56e3df69703de16e4b039549b610e8f182c3420197db,1920,1080,59.9736,3.785
P03/Cảm ơn/002.mov,P03,Cảm ơn,002.mov,5846389,095439a82bcbd80b61d3269cad9db4b8d9f70d430940d9398c4ff25ca39fd947,1920,1080,59.9737,3.8017
P03/Cảm ơn/003.mov,P03,Cảm ơn,003.mov,6370459,e979b0ec38770e6ffffdb5ad138862a915c85f16ab25ddc9d500da1a1c7a806d,1920,1080,59.9522,4.1867
P03/Cảm ơn/004.mov,P03,Cảm ơn,004.mov,5119719,1b386d9dbc043ff0b4e405e8ea80be4e7c2f456d91562c7fc37b425a58fb6aaf,1920,1080,59.9702,3.3517
P03/Cảm ơn/005.mov,P03,Cảm ơn,005.mov,7025495,f5baa8ea1a824622cf074fbdfdb305cf3ea64a17b8c6c23a775a7084c811547a,1920,1080,59.9566,4.6033
P03/Cảm ơn/006.mov,P03,Cảm ơn,006.mov,8107691,2965b1f708886d0f270e40a48e743bbb9e8c17fc666ae33e5608e164cee566e4,1920,1080,59.962,5.27
P03/Gọi xe cứu thương/001.mov,P03,Gọi xe cứu thương,001.mov,7721082,ed4000b3fd7bfab2606f1c0c81d76d7f9f7348a6f1a15fcd16ee41aabe53a9da,1920,1080,59.9609,5.12
P03/Gọi xe cứu thương/002.mov,P03,Gọi xe cứu thương,002.mov,8050739,c42dbd14a7d674f722165ef22df02e9a1ec504b1832f21c18e87bbe906953fde,1920,1080,59.9626,5.3533
P03/Gọi xe cứu thương/003.mov,P03,Gọi xe cứu thương,003.mov,6663408,2431f9762197b28e04c7a1e26ac713acd18941dfb98275c41da5d0bfa88aaeb6,1920,1080,59.9549,4.4367
P03/Gọi xe cứu thương/004.mov,P03,Gọi xe cứu thương,004.mov,5619688,627373997e8c03a96e9cdbe231ae56791938ef7f38a6dfb34f41a492bc474740,1920,1080,59.9732,3.735
P03/Gọi xe cứu thương/005.mov,P03,Gọi xe cứu thương,005.mov,9802924,e6b42b5df95296b412d7d741f0c12c226d110e91562df4a03f1088766728f7f1,1920,1080,59.9693,6.52
P03/Gọi xe cứu thương/006.mov,P03,Gọi xe cứu thương,006.mov,10374467,6a73e92eabc7d64346bc0d7b74a1cb030ca8cbce08f94004de17d6042a9f11ec,1920,1080,59.9562,6.855
P03/Hôm nay bạn khỏe không/001.mov,P03,Hôm nay bạn khỏe không,001.mov,8099974,31fdbf26eb4913fdf74c92f006f605adde8e909fad8fbcc0ff111e7bd46122fd,1920,1080,59.9628,5.37
P03/Hôm nay bạn khỏe không/002.mov,P03,Hôm nay bạn khỏe không,002.mov,8614270,5a9ea4eb01b7a350dfabf20b0928d12c947cfb67b99414e49f38fcf653f2667f,1920,1080,59.9647,5.67
P03/Hôm nay bạn khỏe không/003.mov,P03,Hôm nay bạn khỏe không,003.mov,6980362,0e0e70dc5c8ae830e825284b07bbd352fc2d5f5789e97195c02ac7fa50616d08,1920,1080,59.9569,4.6367
P03/Hôm nay bạn khỏe không/004.mov,P03,Hôm nay bạn khỏe không,004.mov,7168240,a7470727c1b9d4d5b4667f0a65b0a1315f1f8d90f1e860139f7512734d6be6a2,1920,1080,59.9576,4.72
P03/Hôm nay bạn khỏe không/005.mov,P03,Hôm nay bạn khỏe không,005.mov,9190366,5b7da21c5abd7b7abca678908b5033e2bf70dbb11f9d69cbac0102cb271787a3,1920,1080,59.9671,6.0867
P03/Hôm nay bạn khỏe không/006.mov,P03,Hôm nay bạn khỏe không,006.mov,9466328,b222e961157252f6b14122ea5b202e5bcbc35f67fe9c2dbaf1c9e2cdd819f19b,1920,1080,59.9681,6.27
P03/Lâu rồi không gặp/001.mov,P03,Lâu rồi không gặp,001.mov,8547794,796985b8b8b1dce97a368bb96dd4fe080d9d7303fd3f41725dbf581820e62940,1920,1080,59.9642,5.5867
P03/Lâu rồi không gặp/002.mov,P03,Lâu rồi không gặp,002.mov,7451905,3a3f76cf9eefddbe9046045439d68f53db8e9603f6248c62925f1ec84d56993d,1920,1080,59.9586,4.8367
P03/Lâu rồi không gặp/003.mov,P03,Lâu rồi không gặp,003.mov,6466925,bc4df2619fdf6caa59d566c1a89e736b30c65ef1cbb9969808683a175a5b629c,1920,1080,59.9526,4.22
P03/Lâu rồi không gặp/004.mov,P03,Lâu rồi không gặp,004.mov,6147402,feda982518531aaaaf52ab7fa702adf94508bdf141b15af4675b5261dd8cfbdd,1920,1080,59.9748,3.9683
P03/Lâu rồi không gặp/005.mov,P03,Lâu rồi không gặp,005.mov,8855932,c8b99122ad381f76f3fc4de90b1e1071b206d065ce8f140471c5e182d4298e26,1920,1080,59.9651,5.7367
P03/Lâu rồi không gặp/006.mov,P03,Lâu rồi không gặp,006.mov,9109142,0e3331749aa6697cca37f8e8e5e7062f7e52d33ea6e84fe429737ec6650e087e,1920,1080,59.9662,5.92
P03/Mấy tuổi/001.mov,P03,Mấy tuổi,001.mov,5923831,c71e30109dd3faa6a98e2e476e160bd7854c18b4b270028893ebe1681ff95301,1920,1080,59.9738,3.8183
P03/Mấy tuổi/002.mov,P03,Mấy tuổi,002.mov,6073070,0ddf2ca72ee7e6d2a692cef6fe3be26d285b90e3145388d96ea3a37f6abd7d12,1920,1080,59.9746,3.935
P03/Mấy tuổi/003.mov,P03,Mấy tuổi,003.mov,5832109,3e0f132a892ffb56daa7f54d17f8547598152fea353f7eb0b1753f085869e797,1920,1080,59.9733,3.7517
P03/Mấy tuổi/004.mov,P03,Mấy tuổi,004.mov,6627544,d7153328d92fb788d5a4f99a18b34e83376a5340328f220891cf5cc3c0bd2bdf,1920,1080,59.9537,4.32
P03/Mấy tuổi/005.mov,P03,Mấy tuổi,005.mov,7765033,a3e4901b1f78100cc9a639a372596d1064d9c706b3500ff862fd9af6ee1fda88,1920,1080,59.9606,5.07
P03/Mấy tuổi/006.mov,P03,Mấy tuổi,006.mov,8355499,cd1a9757b5e7a4deb60f368d7256284bf912edd5f71058a0467cf784a57603dd,1920,1080,59.9633,5.4533
P03/Như thế nào/001.mov,P03,Như thế nào,001.mov,5037435,eac524d4e8b4d0c6faf031d7dcbbf54b8755da068431d71b4869f6bde19902fe,1920,1080,59.9696,3.285
P03/Như thế nào/002.mov,P03,Như thế nào,002.mov,5582598,255c2d9c1b10f821e8c7666f96b5ebcc4b513eba523315dae1142fdaf34d4d21,1920,1080,59.9725,3.635
P03/Như thế nào/003.mov,P03,Như thế nào,003.mov,4921327,bb0eb895f307a17b5f5ae02b5aa77a6afffe7204944e9867c7e6b48087c96b77,1920,1080,59.9688,3.2017
P03/Như thế nào/004.mov,P03,Như thế nào,004.mov,5661187,a93ce82358306a15d15c6e3b3a94f3534dbe5de639adf6e9c72579dafc803714,1920,1080,59.973,3.7017
P03/Như thế nào/005.mov,P03,Như thế nào,005.mov,7696480,cb908b957e0064a10b6d73ba40c92bfe65aa42485a108e95d52e021cd8ac202d,1920,1080,59.9602,5.02
P03/Như thế nào/006.mov,P03,Như thế nào,006.mov,6902984,2241e9eaf19414196ae6e051ae03e85d203c4e08dcd1a504a3d18b4e09848f2c,1920,1080,59.9558,4.52
P03/Rất vui được gặp bạn/001.mov,P03,Rất vui được gặp bạn,001.mov,6050918,9783431c30c51bec833f3fb9367fc44aaec4f3e818ad95de7897821294bd153d,1920,1080,59.9747,3.9517
P03/Rất vui được gặp bạn/002.mov,P03,Rất vui được gặp bạn,002.mov,6232735,d48a16e5b94837570412af7f10a2ad936b9ed571ef8201a44212ed5209a72653,1920,1080,59.9511,4.0867
P03/Rất vui được gặp bạn/003.mov,P03,Rất vui được gặp bạn,003.mov,5101204,6334edbd3aa4282163bff891cdb42dd25fd34e866b89a4068161712372758e76,1920,1080,59.9699,3.3183
P03/Rất vui được gặp bạn/004.mov,P03,Rất vui được gặp bạn,004.mov,5431753,c30f1cc8cf8a5726d438cd0a5faef136d0526348e1d406787dd6a90dc3884241,1920,1080,59.9718,3.5517
P03/Rất vui được gặp bạn/005.mov,P03,Rất vui được gặp bạn,005.mov,7763932,e37d99fba6318e440c33346d7fcdb7d736ce35fbbe1e363195d283a811ee5a9d,1920,1080,59.9607,5.0867
P03/Rất vui được gặp bạn/006.mov,P03,Rất vui được gặp bạn,006.mov,8127331,f602df6405a668c13226cec59ec300a6258898aef2c4ab3862b812d559d362cb,1920,1080,59.9624,5.32
P03/Sao thế/001.mov,P03,Sao thế,001.mov,4479917,3e002b321d255e654a09cd0ff2914233234996cdd05ef09a0d3f2369b4be0cb2,1920,1080,59.9657,2.9183
P03/Sao thế/002.mov,P03,Sao thế,002.mov,5318876,aa297f9bb9285896fae28a211e134e1ef985bc982691709a804a56e75266caa6,1920,1080,59.9716,3.5183
P03/Sao thế/003.mov,P03,Sao thế,003.mov,4783517,ed7405fe51f5b23a12e8e284314f7e31ce62e67581f2f7569014869534ed64a6,1920,1080,59.9683,3.1517
P03/Sao thế/004.mov,P03,Sao thế,004.mov,4874586,87d9fc9bd274ab77d6151e4388d562e1ab1e4e28d6eb711c6e9185fbbdcc5a98,1920,1080,59.9689,3.2183
P03/Sao thế/005.mov,P03,Sao thế,005.mov,5884277,5eed0fb5881a15932828e46791406f61fb8b712a15a72048d1eb24b636a8fe4e,1920,1080,59.9741,3.8683
P03/Sao thế/006.mov,P03,Sao thế,006.mov,6088469,ce8e00ce449951226cc5cd9351068f9581404ee7dd0abe207462fabbbd6cc450,1920,1080,59.9751,4.0183
P03/Siêu thị/001.mov,P03,Siêu thị,001.mov,4009691,3d1f73afbd2e34b4d3fff73f53c307cc1d784dd0f3f159ac31a8a7d65671fb15,1920,1080,59.9618,2.6183
P03/Siêu thị/002.mov,P03,Siêu thị,002.mov,4812032,daaa007f1a8d542e80c3e4c1d271fdd65aedae9854bc6c957ce871b233ba2219,1920,1080,59.9679,3.1183
P03/Siêu thị/003.mov,P03,Siêu thị,003.mov,5201679,4b9f3e406dc304cc3f2d9fe9722ce1cfa5ed5c8811164c62e3b2bd4c6b3e797c,1920,1080,59.9703,3.3683
P03/Siêu thị/004.mov,P03,Siêu thị,004.mov,4677836,8cdf011b53490aef311639937fae7932fb041d12678aeb83f7831f1f1d0a2982,1920,1080,59.9669,3.0183
P03/Siêu thị/005.mov,P03,Siêu thị,005.mov,6121696,1a5e295896a0675796703d2dc2cf93e9405257be02cb5328853190de23164320,1920,1080,59.9748,3.9683
P03/Siêu thị/006.mov,P03,Siêu thị,006.mov,6550356,af848c5b011a4abee21f4e8988cfa85af9fdc75119e29fc4b416d671b09b1aad,1920,1080,59.9533,4.2867
P03/Tôi bình thường/001.mov,P03,Tôi bình thường,001.mov,5601481,fbcba9f0c20a99aadff313116e46c433648a91e1fb5464dea2e1881f9b615104,1920,1080,59.973,3.7017
P03/Tôi bình thường/002.mov,P03,Tôi bình thường,002.mov,6281538,41459d2733442437b754dbb46b8b5d2e36e7d0ef23c388e063763fcbdd8b51ae,1920,1080,59.9517,4.1367
P03/Tôi bình thường/003.mov,P03,Tôi bình thường,003.mov,7058428,b28279d5924e525a90766ec477066e729e88d2c2b624e9e0aff3055fcb886a3c,1920,1080,59.9572,4.67
P03/Tôi bình thường/004.mov,P03,Tôi bình thường,004.mov,5252490,3603d067d7f18fd46c02b62e02aa961dd6c95c6c0520cd000d8c9e676093c9f9,1920,1080,59.9709,3.435
P03/Tôi bình thường/005.mov,P03,Tôi bình thường,005.mov,8378787,b240adbc7c1a28c44ec30203feafcf11f65151b7248880e7787867fade378e83,1920,1080,59.9638,5.52
P03/Tôi bình thường/006.mov,P03,Tôi bình thường,006.mov,8531067,086d45854e24a34fe6af221a56abc8059393dc465f1450c1b1d8cb0aff1513fc,1920,1080,59.9642,5.5867
P03/Tôi không khỏe/001.mov,P03,Tôi không khỏe,001.mov,6935105,181be2932f60fe062ed711743db25df16880d7ff03aef27f3687e2f097948c49,1920,1080,59.9567,4.62
P03/Tôi không khỏe/002.mov,P03,Tôi không khỏe,002.mov,7380266,68207cb261506e9d9b467e7f7d2a8721f87eba06c9385c71659d588238449ae1,1920,1080,59.9586,4.8367
P03/Tôi không khỏe/003.mov,P03,Tôi không khỏe,003.mov,7178073,36e5725f26f0e15dde174ad1a8dcb8620c75e923926e4d509177218534906547,1920,1080,59.9575,4.7033
P03/Tôi không khỏe/004.mov,P03,Tôi không khỏe,004.mov,5997558,b1e2f20de431d57391b69085cbaa94f77f6aa1f25db924e4bb484202c78115b9,1920,1080,59.9746,3.935
P03/Tôi không khỏe/005.mov,P03,Tôi không khỏe,005.mov,8767146,db1f478cd48e1622f6bf5d714ac737ba076b335732b274d29c00140f843b1f29,1920,1080,59.9653,5.77
P03/Tôi không khỏe/006.mov,P03,Tôi không khỏe,006.mov,8399346,706c10813b3f4d1414a115175334a97b338a46673e43643c384529b157a4d416,1920,1080,59.9641,5.57
P03/Tôi khỏe/001.mov,P03,Tôi khỏe,001.mov,5247005,6d708b51679183e660d45fb6d77fce2feeb4265225f8bd595674f5a056891d7b,1920,1080,59.9713,3.485
P03/Tôi khỏe/002.mov,P03,Tôi khỏe,002.mov,5950120,a9744e5b6a3e12346617d37c7a89306e868a6351ae1cbeb9574a330502f021c9,1920,1080,59.9744,3.9017
P03/Tôi khỏe/003.mov,P03,Tôi khỏe,003.mov,5311963,549c22ae3105d4be3d38651420df24b6fc996be3b89bb6e62ce667a0d193b33e,1920,1080,59.9714,3.5017
P03/Tôi khỏe/004.mov,P03,Tôi khỏe,004.mov,5601623,3a2e9a0c846a81813b09ed897bf7039a737549f17cac08cdfde9107e69c5c96c,1920,1080,59.9732,3.735
P03/Tôi khỏe/005.mov,P03,Tôi khỏe,005.mov,7138375,16acb6ad30a37d098e32a960637623859e6f60ae892a8e66e3f9ba3b3dd3bfaa,1920,1080,59.9573,4.6867
P03/Tôi khỏe/006.mov,P03,Tôi khỏe,006.mov,7154760,7a45ae192365572bb59f1e8455df107e1dcf522c1f9dbcea1c09c2b2ba250260,1920,1080,59.9576,4.72
P03/Tạm biệt/001.mov,P03,Tạm biệt,001.mov,5490452,9248da87ca93cd30cdd9ca901b729cdda318d78d1e1bec05205eeecd527420f6,1920,1080,59.972,3.5683
P03/Tạm biệt/002.mov,P03,Tạm biệt,002.mov,4695951,be1c314e049c0434d217c4a917db9dde38a92c2ef55f93cef34bc971bd988c8c,1920,1080,59.9671,3.035
P03/Tạm biệt/003.mov,P03,Tạm biệt,003.mov,4399571,27ad4b2f3e5dd404340bb915e77c75bf5046da68e1939407003a4a3b1d7a66c4,1920,1080,59.9645,2.8183
P03/Tạm biệt/004.mov,P03,Tạm biệt,004.mov,4582169,7f1ea6d452034bf3b32efc6f3a33e96a2481ce101e693a06c9325426fca9414b,1920,1080,59.9661,2.9517
P03/Tạm biệt/005.mov,P03,Tạm biệt,005.mov,6908274,dab630f69cd5ef917f97dd59514422092d97f37ca2b0ed174aeb590d9d583c86,1920,1080,59.9559,4.5367
P03/Tạm biệt/006.mov,P03,Tạm biệt,006.mov,6928191,87cab149475c42be073a9df82ba62d48fe7f4ab920a101943d164b0d35d83a06,1920,1080,59.9561,4.5533
P03/Về nhà cẩn thận/001.mov,P03,Về nhà cẩn thận,001.mov,7364098,ffa934d6f4150bde401583bc2add501fd2d59eab3cbd8be055d357c87bdef625,1920,1080,59.9586,4.8367
P03/Về nhà cẩn thận/002.mov,P03,Về nhà cẩn thận,002.mov,7528004,8f3953acc011f0b7792ec17d1491251d1f3088b9d9b269a530f9cbf9bcd1c5db,1920,1080,59.9595,4.9367
P03/Về nhà cẩn thận/003.mov,P03,Về nhà cẩn thận,003.mov,6391642,7305ae6ef2b0016c534c832bafaadd670dfc52575dfb3cd866c0b099392eb28d,1920,1080,59.9526,4.22
P03/Về nhà cẩn thận/004.mov,P03,Về nhà cẩn thận,004.mov,7311268,e8d80b15e69dda61e35d7a9b158cb68ef657e9a1afe7cd32cdfaf2f4efd02427,1920,1080,59.9581,4.77
P03/Về nhà cẩn thận/005.mov,P03,Về nhà cẩn thận,005.mov,9188198,7bbd3a7437324ad6d512773690302dace5861f2434e575d91eb497c64e4fbd13,1920,1080,59.967,6.0533
P03/Về nhà cẩn thận/006.mov,P03,Về nhà cẩn thận,006.mov,10179442,99d8440b416ef89e18239698f32b7a70e3abd132cd860e430ce0ac172478631e,1920,1080,59.9703,6.7367
P03/Xin chào/001.mov,P03,Xin chào,001.mov,4460762,fa9079ed0d9d3b3fa0b51e4ed07941c4ec2e65a4d30940b71415a87278a6bc0c,1920,1080,59.9651,2.8683
P03/Xin chào/002.mov,P03,Xin chào,002.mov,4902011,063753723ec2ea92dd3b0b56ed70cb644613413f94013d9a3d3233499d9a5a53,1920,1080,59.9684,3.1683
P03/Xin chào/003.mov,P03,Xin chào,003.mov,4735575,5acdd6a7864b69253c03e090d006d9b1d7e77c321116a593ecf1124b0ee24791,1920,1080,59.9676,3.085
P03/Xin chào/004.mov,P03,Xin chào,004.mov,5110995,c5bf6b39237ecce6cd3a5923ec5b3f6746c4016b93f1215cd2413d157ff970c6,1920,1080,59.97,3.335
P03/Xin chào/005.mov,P03,Xin chào,005.mov,5852662,d5f144fd5e258049e5448c83302aac6bc9980f782262feb1c4263b4364895322,1920,1080,59.9737,3.8017
P03/Xin chào/006.mov,P03,Xin chào,006.mov,6851913,317cee934b8b3e0e357a394a2ab01ea6690a40ab8ca29b4767ac653ae0671ff4,1920,1080,59.9556,4.5033
P03/Xin lỗi/001.mov,P03,Xin lỗi,001.mov,5557529,a7bd7b63ed9b05d8b82bd976eb8f82bad548df14d4261a7e391bc0f93e4444d1,1920,1080,59.945,3.6367
P03/Xin lỗi/002.mov,P03,Xin lỗi,002.mov,6482325,c05e42a62b32e93720988d81afec5da336482ac1439fd44095fcef68b16e1efb,1920,1080,59.9528,4.2367
P03/Xin lỗi/003.mov,P03,Xin lỗi,003.mov,6501854,f0752b94298f680675306bbe6217496eb1a0fca7443b56a261588c7677598517,1920,1080,59.9532,4.27
P03/Xin lỗi/004.mov,P03,Xin lỗi,004.mov,5839059,db74850013c694892dfd7a454401e34e4bf1460994434608bba69df5582af015,1920,1080,59.9469,3.77
P03/Xin lỗi/005.mov,P03,Xin lỗi,005.mov,6966770,63c5547f2cd540a9b5938f4ecd8c6d7a7741c0465b31f5b4175178c0819e03bf,1920,1080,59.9567,4.62
P03/Xin lỗi/006.mov,P03,Xin lỗi,006.mov,6699785,dd374398dc647c08d54c3e6de4b4dd2c6f3fdca8528b602ae72c3d05bde08a97,1920,1080,59.9546,4.4033
P03/Đi đâu/001.mov,P03,Đi đâu,001.mov,3866918,a4d324b78efc4fa950bf2633b28eabbbd08afce6aee48ce7e8447555b036441b,1920,1080,59.9608,2.5517
P03/Đi đâu/002.mov,P03,Đi đâu,002.mov,4607208,15aa3f5755486b92ef4cd8b07139ec44891f9a554b6fe07fcbf9ef15151b87f5,1920,1080,59.9667,3.0017
P03/Đi đâu/003.mov,P03,Đi đâu,003.mov,3766680,ebccc482669c533e13990c23d4f02e50fe722e46924a254db1e67063272bed66,1920,1080,59.9598,2.485
P03/Đi đâu/004.mov,P03,Đi đâu,004.mov,4220515,72882bf84546f2e54b778f0176f3f6e85ed6545ec29f00626dab684db4f820ec,1920,1080,59.9643,2.8017
P03/Đi đâu/005.mov,P03,Đi đâu,005.mov,4714303,6562418c0c69d83332cecc3801d87d764688fe125d9a8e60d3ef11bfd5636f83,1920,1080,59.9674,3.0683
P03/Đi đâu/006.mov,P03,Đi đâu,006.mov,5686088,b5ed4cc900782c638e33e534cf5194b93aa230f39045e18fc9ac74d155d6b2bc,1920,1080,59.9731,3.7183
P03/Được không/001.mov,P03,Được không,001.mov,5956933,dbfb9528d09687004d828f5dcff440a6ed088508edfbd21a4dc120267d4ac03a,1920,1080,59.9736,3.785
P03/Được không/002.mov,P03,Được không,002.mov,5716958,1a14dadc34043f92524e86d4b4cc31ecfe7160eacd986f6465b1beb38373b29e,1920,1080,59.9731,3.7183
P03/Được không/003.mov,P03,Được không,003.mov,4790723,3b208bddc276d9aee21551fef8a46c9d8b96e0e85e66eb07524c36724744e406,1920,1080,59.9672,3.0517
P03/Được không/004.mov,P03,Được không,004.mov,5459503,938808a53a3006ccb53091b0c180d97dd359bda09a0fc57d6c8011494558f30e,1920,1080,59.9717,3.535
P03/Được không/005.mov,P03,Được không,005.mov,8217093,7e1562528eb1beb4d75d3459fb9ccf312e210599bb2c66220e3430dcff349644,1920,1080,59.9632,5.4367
P03/Được không/006.mov,P03,Được không,006.mov,8946233,68f95c8c2eb0106760fd63efc4120949e68e9fc781c113830d36d2b3ab6ff33e,1920,1080,59.9654,5.7867
P04/Bạn có cần giúp đỡ không/001.mov,P04,Bạn có cần giúp đỡ không,001.mov,10182310,9b18733b515dd143811481a0138ee9a7dd968553e8e240b4e321ed0bf2001235,1920,1080,59.9699,6.6533
P04/Bạn có cần giúp đỡ không/002.mov,P04,Bạn có cần giúp đỡ không,002.mov,9484150,b83f5a08227af32bf8598262884a55b509d3308735dd5fc25a0112b59460e455,1920,1080,59.9682,6.2867
P04/Bạn có cần giúp đỡ không/003.mov,P04,Bạn có cần giúp đỡ không,003.mov,7954082,87da12ed5d6d7c125eb72b84060c22a85833a225e8debfb705e811fcb3428118,1920,1080,59.9623,5.3033
P04/Bạn có cần giúp đỡ không/004.mov,P04,Bạn có cần giúp đỡ không,004.mov,9219226,efb0020a536adf7e9424c60129eebb6e6316b1606343b5c338ae389e3284c2cf,1920,1080,59.9674,6.1367
P04/Bạn có cần giúp đỡ không/005.mov,P04,Bạn có cần giúp đỡ không,005.mov,10207388,9d9cf2577fc15e3aa939475c75003435256a8ee2952d1bc35cd398f4d12de706,1920,1080,59.9705,6.77
P04/Bạn có cần giúp đỡ không/006.mov,P04,Bạn có cần giúp đỡ không,006.mov,10373249,60943e1e1fdd43fee20e3b74a239b1afc69c2f05b89e508239b6fba28b613211,1920,1080,59.9567,6.9217
P04/Bạn có vấn đề gì không/001.mov,P04,Bạn có vấn đề gì không,001.mov,8247059,9f049dc061b26ffb7767d1123560d0d061012894876862b707530b7faa0afd9e,1920,1080,59.9635,5.4867
P04/Bạn có vấn đề gì không/002.mov,P04,Bạn có vấn đề gì không,002.mov,9037806,e5a44add8f5fc65b0b4a2067eec54664413f8eff5cc5519361bc5469ba0f5e4c,1920,1080,59.9664,5.9533
P04/Bạn có vấn đề gì không/003.mov,P04,Bạn có vấn đề gì không,003.mov,7452086,6175e7c1d191333d87117aed99117041f9605cdf12c009b7f0e726057c4c88d2,1920,1080,59.9592,4.9033
P04/Bạn có vấn đề gì không/004.mov,P04,Bạn có vấn đề gì không,004.mov,8000744,c738b6cb89580e5a9b30cf724477e354991d3dcb67ae6cdad22c60f5cc1f34b4,1920,1080,59.9624,5.32
P04/Bạn có vấn đề gì không/005.mov,P04,Bạn có vấn đề gì không,005.mov,11105169,80243ef6296ed67bf78aa96e833d991c49c9e753c1905ee40eca0f8491583c19,1920,1080,59.9592,7.355
P04/Bạn có vấn đề gì không/006.mov,P04,Bạn có vấn đề gì không,006.mov,10506152,9499c054d7c52c38f2f910885391b66821df95e3a86d8138162c48d06c300f3c,1920,1080,59.9569,6.955
P04/Bạn quê ở đâu/001.mov,P04,Bạn quê ở đâu,001.mov,8287959,46a74ec2c9560bfe786fdcac916a51babc6eeef861c80aaa5036891feba16090,1920,1080,59.964,5.5533
P04/Bạn quê ở đâu/002.mov,P04,Bạn quê ở đâu,002.mov,9263849,c698e4a69dfa38c6d7df026c5ec1a98e50ffd52a557ee223d0d1698a6a222f30,1920,1080,59.9677,6.1867
P04/Bạn quê ở đâu/003.mov,P04,Bạn quê ở đâu,003.mov,7143529,ba26ce067334449f0c4da479d6ad8b32ff0cf6a660b6207e43b7e37c479c42b6,1920,1080,59.9579,4.7533
P04/Bạn quê ở đâu/004.mov,P04,Bạn quê ở đâu,004.mov,8358019,46ebe4ea6f65a4293d38950b8f92803900a24018cdd1569a58aa8c01ae13aa76,1920,1080,59.9643,5.6033
P04/Bạn quê ở đâu/005.mov,P04,Bạn quê ở đâu,005.mov,10400456,59b20ac163223c5df1a5d8f45c5d8885c0f8b01e8a8b35c2d4986f0b190cb9c6,1920,1080,59.9566,6.905
P04/Bạn quê ở đâu/006.mov,P04,Bạn quê ở đâu,006.mov,8975640,f8e782f07ae2812fa59cdaaad6ac548e4251be0b4b5c0f247bc26c797e5b220c,1920,1080,59.9663,5.9367
P04/Bạn tên gì/001.mov,P04,Bạn tên gì,001.mov,7589734,a4cc63080daaa15dd061db5e9ac8b9bfb8569b8edb44f2ce856273c028f75295,1920,1080,59.9599,4.9867
P04/Bạn tên gì/002.mov,P04,Bạn tên gì,002.mov,9172981,48c9dbc47663a15b72bd85ddf393859f95179cefe4f07d08ad1c9c645b01f680,1920,1080,59.9668,6.02
P04/Bạn tên gì/003.mov,P04,Bạn tên gì,003.mov,7831145,52bd13943c2c0c837c494c64fb2faaf58fccdd360a031e41eddabb0ff8b07c9b,1920,1080,59.9612,5.1533
P04/Bạn tên gì/004.mov,P04,Bạn tên gì,004.mov,7034961,3f3a47f8b0a2be627bbd9bb07ef284735d8ad0eddf3470c5fd4c638a79b945a7,1920,1080,59.9572,4.67
P04/Bạn tên gì/005.mov,P04,Bạn tên gì,005.mov,9257769,802139b6e440567d29e3854b2e09731c66d199bde04eb2b68e517776ee5a5267,1920,1080,59.9673,6.12
P04/Bạn tên gì/006.mov,P04,Bạn tên gì,006.mov,10036495,61c047a70401be79f7d72be416c271d82d4c30a72acba431e788dc8d527ad2f1,1920,1080,59.9696,6.5867
P04/Bạn đang làm gì/001.mov,P04,Bạn đang làm gì,001.mov,6887878,af76e7fec15a6b14ff8813f725f57b766047fa1fbc06ddbb89bf67c7cc713ac6,1920,1080,59.9561,4.5533
P04/Bạn đang làm gì/002.mov,P04,Bạn đang làm gì,002.mov,7831879,6f9c2b7938f30f7faf87ecdcfeff2c7013ed2d55be0dbf461db039be5744090e,1920,1080,59.9611,5.1367
P04/Bạn đang làm gì/003.mov,P04,Bạn đang làm gì,003.mov,6481877,2b587a4e330417fc6d3f905b8a40711a9cba6477afc4831f5bbad9ad50573405,1920,1080,59.9532,4.27
P04/Bạn đang làm gì/004.mov,P04,Bạn đang làm gì,004.mov,6475400,7322b3166197bac3e66225f3b7427a74e3af13db5d60742384b711097b179dde,1920,1080,59.9532,4.27
P04/Bạn đang làm gì/005.mov,P04,Bạn đang làm gì,005.mov,9474743,a193d3fbecb3ee9161298fa64f70736bc090fed61d58477a0f8dd589d94fb47b,1920,1080,59.9679,6.2367
P04/Bạn đang làm gì/006.mov,P04,Bạn đang làm gì,006.mov,9952306,5297423a9ea1661b564e1b51dca53fd7d5df2a7b542bbd5470caf84c71290f31,1920,1080,59.9691,6.47
P04/Chuyện gì/001.mov,P04,Chuyện gì,001.mov,5487052,d4dc9c48ef8c38f7442cb99ea85091dd598265d3898c2763bd10b7ea646b3099,1920,1080,59.9724,3.6183
P04/Chuyện gì/002.mov,P04,Chuyện gì,002.mov,6016682,2fe59eedf97e7a1b90c7ea301fba550f34b276b72b554e1b4b65378e7e121a5b,1920,1080,59.9745,3.9183
P04/Chuyện gì/003.mov,P04,Chuyện gì,003.mov,5166535,d3398beb5adb9e1df87f67919a388421bf5a85b66b0ff40232b76e801cb50563,1920,1080,59.9706,3.4017
P04/Chuyện gì/004.mov,P04,Chuyện gì,004.mov,5343285,89aa7196c3be030423d4c9937a29e909bbc9d3ec7298040d2c032222df077520,1920,1080,59.9714,3.5017
P04/Chuyện gì/005.mov,P04,Chuyện gì,005.mov,6390250,c4d9c908683ebdc720ef8a9b6320f728abd319242ab4add17b7442080601d20a,1920,1080,59.9526,4.22
P04/Chuyện gì/006.mov,P04,Chuyện gì,006.mov,6715435,02797c3fdffebb1fe573fd1e95496c0a9263e55cf2c5ebc9287c48807bc055af,1920,1080,59.9551,4.4533
P04/Cảm ơn/001.mov,P04,Cảm ơn,001.mov,5956777,f2b8a59412552b85e2a4bdbebfaf5ed8df4e15835ee49671c546afb14fc17926,1920,1080,59.974,3.8517
P04/Cảm ơn/002.mov,P04,Cảm ơn,002.mov,6764801,54c13e1d200ca7e9fe07ef7aaa2c11b6e9ee119f7ff787f23bd0b0ec1539439d,1920,1080,59.9549,4.4367
P04/Cảm ơn/003.mov,P04,Cảm ơn,003.mov,5477205,57af6d3565f33d4276cf5648c2a3a0111436dea52ee533d412f9be9d6671bdae,1920,1080,59.9721,3.585
P04/Cảm ơn/004.mov,P04,Cảm ơn,004.mov,6177837,751ffb9c7e21efe10c5140efc111e073ed6f4af07ecae7402eb9db605c419b8d,1920,1080,59.9752,4.035
P04/Cảm ơn/005.mov,P04,Cảm ơn,005.mov,7553256,1817af4b143e086f08f834262895c72eaf04b62c4c3689e0e78e3d76440f452e,1920,1080,59.9592,4.9033
P04/Cảm ơn/006.mov,P04,Cảm ơn,006.mov,7551581,463cb91687ec58d6665123eec32c1958a87ec31e7b866cdccf45f9ef5394eba2,1920,1080,59.9593,4.92
P04/Gọi xe cứu thương/001.mov,P04,Gọi xe cứu thương,001.mov,8856619,a865d05c962a5a857f048bd8b849a1f705b393cac04a170f29d68f117ad64fd8,1920,1080,59.9651,5.7367
P04/Gọi xe cứu thương/002.mov,P04,Gọi xe cứu thương,002.mov,8419816,2f266bc8df1dbb52ce87ac6dc1d8818c304c92551b1594bfe44d431cbf4b5553,1920,1080,59.964,5.5533
P04/Gọi xe cứu thương/003.mov,P04,Gọi xe cứu thương,003.mov,6183284,84c92a64afe0f9fc7b3d6f084c14fe7cfc67d92d89f80752215f14c5e06704f8,1920,1080,59.9751,4.0183
P04/Gọi xe cứu thương/004.mov,P04,Gọi xe cứu thương,004.mov,6382454,75b37ba7068555d97b242845bb811acaef860fcfcf43c7e1727a6bbf81aa7354,1920,1080,59.952,4.17
P04/Gọi xe cứu thương/005.mov,P04,Gọi xe cứu thương,005.mov,9578912,9acabe37f73846b0378738607716855a688d54213c04fff8b515f335cc790098,1920,1080,59.9683,6.3033
P04/Gọi xe cứu thương/006.mov,P04,Gọi xe cứu thương,006.mov,8377712,22c3ec9685e0fdfb6ec0047e05b751c449df02921cbdc3767c0dac2f3c6ebada,1920,1080,59.9639,5.5367
P04/Hôm nay bạn khỏe không/001.mov,P04,Hôm nay bạn khỏe không,001.mov,10158723,f9f6436b44ea6d4da71cc8eb979f4619a838bfd34c6ec11aa2deb4235c1c9809,1920,1080,59.9697,6.6033
P04/Hôm nay bạn khỏe không/002.mov,P04,Hôm nay bạn khỏe không,002.mov,9350491,0fbf7860e0cc584fb337147c45f73e63c1f3f5513cfa19d116d201e8adb23e36,1920,1080,59.9675,6.1533
P04/Hôm nay bạn khỏe không/003.mov,P04,Hôm nay bạn khỏe không,003.mov,9840100,92d7b40a3084a396d1c89d68ac2f2c11eab07ac5b32c1519ebd7dcad4846fdba,1920,1080,59.9692,6.5033
P04/Hôm nay bạn khỏe không/004.mov,P04,Hôm nay bạn khỏe không,004.mov,10203104,9b1329f5bd7d8f46b3d85cdacb3340f9646e12d76a444e313c6ace285ff4132c,1920,1080,59.9699,6.6367
P04/Hôm nay bạn khỏe không/005.mov,P04,Hôm nay bạn khỏe không,005.mov,12728078,2c3ea8492d52d271aeed721f62be3436da6c0d6cc98c90a1ac754d105c661403,1920,1080,59.9639,8.3217
P04/Hôm nay bạn khỏe không/006.mov,P04,Hôm nay bạn khỏe không,006.mov,14114927,13c15ad8aa8b6270e7e257f742b8688ca236ebb4ab98c736ebcd97c12be71625,1920,1080,59.9675,9.2383
P04/Lâu rồi không gặp/001.mov,P04,Lâu rồi không gặp,001.mov,8416936,1cfeb12d831d8b29410c314f1b2a47c00becb82c120a5e1accc0487b0d3d8036,1920,1080,59.9637,5.5033
P04/Lâu rồi không gặp/002.mov,P04,Lâu rồi không gặp,002.mov,8957008,8f5a5756e8ba5f861194d74af651b385dee6c04b0c9c4b6cbc9fa9c7dd413a6c,1920,1080,59.9653,5.77
P04/Lâu rồi không gặp/003.mov,P04,Lâu rồi không gặp,003.mov,6367657,3dafcab31646230d89d5cfed8aaceee425fee8650e5d07873fe7ea27afc779e4,1920,1080,59.9518,4.1533
P04/Lâu rồi không gặp/004.mov,P04,Lâu rồi không gặp,004.mov,7921468,2c5193b5735c7df14067680abdcdad759129e740ee535ab69e6cb33b0f7d4f29,1920,1080,59.9613,5.17
P04/Lâu rồi không gặp/005.mov,P04,Lâu rồi không gặp,005.mov,10551048,e2f13af359f0ad78db6fc09939dd59e3cc159271f42871561cffa1de4126279f,1920,1080,59.9562,6.855
P04/Lâu rồi không gặp/006.mov,P04,Lâu rồi không gặp,006.mov,11550451,ddc75d4b67bd99727f88c17705330e940c75f151427a3a7147fa635a9f68295f,1920,1080,59.9601,7.5217
P04/Mấy tuổi/001.mov,P04,Mấy tuổi,001.mov,6446358,53bc89054eea4792ceb77060cb5de76c077599df531d5efb2d6933e7fe24e201,1920,1080,59.9524,4.2033
P04/Mấy tuổi/002.mov,P04,Mấy tuổi,002.mov,6714451,dfbd3ff9118cbf569f307c3f49e1db25f560ca5c2de079793ff8df95f54a0f5d,1920,1080,59.9542,4.37
P04/Mấy tuổi/003.mov,P04,Mấy tuổi,003.mov,5103967,0f9167073831d46d478a2894334041cce8f019b1e45c017324c9f46fc24c230f,1920,1080,59.97,3.335
P04/Mấy tuổi/004.mov,P04,Mấy tuổi,004.mov,6166519,adc4300c55f6141a1f886643517d50c765c42b24418987b2a1270a9fe21e4005,1920,1080,59.9749,3.985
P04/Mấy tuổi/005.mov,P04,Mấy tuổi,005.mov,6995770,e10ad20c8440c5173c28b85ccfe59b087b2137d424eed650b8fc972bdc269419,1920,1080,59.9562,4.57
P04/Mấy tuổi/006.mov,P04,Mấy tuổi,006.mov,7862827,3c7f87825a2cb00d4d67a95d9cbf14e17f349bc5bc1d71a3797ee96c6baea50e,1920,1080,59.9609,5.12
P04/Như thế nào/001.mov,P04,Như thế nào,001.mov,6046816,d3ef14f4d6337bc7024b3e1f5129d7031a9f7bebcad15a165cc1739512a17324,1920,1080,59.9746,3.935
P04/Như thế nào/002.mov,P04,Như thế nào,002.mov,6801870,299932c5840bedfbcfc6594233b15bb8adf6abede2dbe07ce324e1a88ead0155,1920,1080,59.9549,4.4367
P04/Như thế nào/003.mov,P04,Như thế nào,003.mov,5084709,e01a2b78440227971840ad04d0cfa83be84f17e89808b35187c7c6c6f6fcc9b1,1920,1080,59.9699,3.3183
P04/Như thế nào/004.mov,P04,Như thế nào,004.mov,6003758,597d8ae5d5c38419b9077e69f96359183f201dc29232a5fcaabae1cb399cc10d,1920,1080,59.9741,3.8683
P04/Như thế nào/005.mov,P04,Như thế nào,005.mov,7416202,35c459a74ccd918e88e1425009fc9ada2e5a844e7ca7344b817fc175ec02da08,1920,1080,59.9585,4.82
P04/Như thế nào/006.mov,P04,Như thế nào,006.mov,7356320,d880478d10a28536ddb3edaad30f7597aa58e1735df9d7ae2fa7905ddf8e1b69,1920,1080,59.9582,4.7867
P04/Rất vui được gặp bạn/001.mov,P04,Rất vui được gặp bạn,001.mov,6294096,14b44a705932135aa6588eb555296ce0705c5e6314a2ab94ce1d9d19d083c351,1920,1080,59.9517,4.1367
P04/Rất vui được gặp bạn/002.mov,P04,Rất vui được gặp bạn,002.mov,6272885,25bbf21084207023304feccf21d21f89eb5db8a628ba0649053552e7a2905161,1920,1080,59.9513,4.1033
P04/Rất vui được gặp bạn/003.mov,P04,Rất vui được gặp bạn,003.mov,5222763,a27f807747200d391794e758588f4c5000beec18f19f1522c820b9d9957298d6,1920,1080,59.9709,3.435
P04/Rất vui được gặp bạn/004.mov,P04,Rất vui được gặp bạn,004.mov,6096607,d4e3104c149068c5272834f57653b19fedac7fd5866895c490c6fda86fbb4498,1920,1080,59.9751,4.0183
P04/Rất vui được gặp bạn/005.mov,P04,Rất vui được gặp bạn,005.mov,7503631,dd4f0d964b5ee03c855279adc38a1128c98aa8e3544fe03bc4ab84413a14affe,1920,1080,59.9592,4.9033
P04/Rất vui được gặp bạn/006.mov,P04,Rất vui được gặp bạn,006.mov,7897489,e23193c3677c62f215a937a5519cddeeff1e06c5b98a02d999c7e1f2ee968b05,1920,1080,60.1141,5.2567
P04/Sao thế/001.mov,P04,Sao thế,001.mov,4897738,8c3418a15ab0a612e60b5387207e4a4edefa7f966a457c979b098dcb05276452,1920,1080,59.9689,3.2183
P04/Sao thế/002.mov,P04,Sao thế,002.mov,6134903,a808a1a4e8f32e2c03b9565d2fd679e4f7027f0fb6dd8cc9f8511693abbba54a,1920,1080,59.9752,4.035
P04/Sao thế/003.mov,P04,Sao thế,003.mov,5433175,0de3d65d919cce335f90ffcba120004d260129b9707a1396baa10eed0e98b869,1920,1080,59.9724,3.6183
P04/Sao thế/004.mov,P04,Sao thế,004.mov,5760417,907f0c5cf8381a7dc9bb253b5eb9ccc48be6304209ed0237dd361ca89304e302,1920,1080,59.9733,3.7517
P04/Sao thế/005.mov,P04,Sao thế,005.mov,6986507,9abaa864d7e8a628930b90f358e7731018c9e2844d9f9e40d6326efbe7793d0f,1920,1080,59.957,4.6533
P04/Sao thế/006.mov,P04,Sao thế,006.mov,7162780,2d452f098b89fce2583e75b38c5d6ef79dc218f7e7e2b16a0bc28b8a6734a5ce,1920,1080,59.9576,4.72
P04/Siêu thị/001.mov,P04,Siêu thị,001.mov,6029119,ff6031cc5361e1eac12efa9b590f2c9580f5db1782cac9eb7c32a93ac036fc80,1920,1080,59.9745,3.9183
P04/Siêu thị/002.mov,P04,Siêu thị,002.mov,5541612,87366520f533a737d73b62975179a48fa3ad257ba08432cb5e597ee7ce842397,1920,1080,59.9725,3.635
P04/Siêu thị/003.mov,P04,Siêu thị,003.mov,5070383,606626aae68d259b81d0118ee19ada72337d21706aed73f2d9c3480e10ed5a27,1920,1080,59.9699,3.3183
P04/Siêu thị/004.mov,P04,Siêu thị,004.mov,4720089,45d33da45242e9f525cdb426025fb00fff667c54bc464a72ca2f5677f3c78165,1920,1080,59.9674,3.0683
P04/Siêu thị/005.mov,P04,Siêu thị,005.mov,7378532,9820e3f4e60aad68114b91c1d67763578a13f9263f83952ea4cc513c1a039601,1920,1080,59.9581,4.77
P04/Siêu thị/006.mov,P04,Siêu thị,006.mov,7519956,13fb27afbe33cf9f2594660a3b0f62a9568ea526b4d1ca4cd4b27dc22f2968fe,1920,1080,59.9592,4.9033
P04/Tôi bình thường/001.mov,P04,Tôi bình thường,001.mov,8154158,f271f306b8bb5ee8dd3a92b2c442d75afc1c02a9ad7baf2e86aaaa3ee57397ca,1920,1080,59.9631,5.42
P04/Tôi bình thường/002.mov,P04,Tôi bình thường,002.mov,7198888,04c48f52e3b90c74bee372ca416bf1153c4539f86bc164dc39823c67b362a5dc,1920,1080,59.9575,4.7033
P04/Tôi bình thường/003.mov,P04,Tôi bình thường,003.mov,5038586,4ae8267998f6854916af281435728bc2b2576fcef4551985295c6c8c1950d6b5,1920,1080,59.9697,3.3017
P04/Tôi bình thường/004.mov,P04,Tôi bình thường,004.mov,4957118,c1b9d627acfaf9509fbbdaa1ff1dac2cdd580aa5a591bf55a6b7415b15b81afe,1920,1080,59.9692,3.2517
P04/Tôi bình thường/005.mov,P04,Tôi bình thường,005.mov,7618319,4991484dc7be1a9dad1b2da14ece43dab1b75a7602a0198bfd38d5ecda4b4295,1920,1080,59.96,5.0033
P04/Tôi bình thường/006.mov,P04,Tôi bình thường,006.mov,8712073,53c2bc4e399a0844cf37ae9e6c0b5dd672cec58695920d9508614a09268ab33c,1920,1080,59.965,5.72
P04/Tôi không khỏe/001.mov,P04,Tôi không khỏe,001.mov,8192282,094f4f4d183c8c0c68ccbd80cb1cf603d34d90a51352f9a0f4658018450f48f2,1920,1080,59.9632,5.4367
P04/Tôi không khỏe/002.mov,P04,Tôi không khỏe,002.mov,8709043,a48ee730295ef060168fecdcdb4508f9565fcf40476cd00cf6e645308eeb7d7f,1920,1080,59.9651,5.7367
P04/Tôi không khỏe/003.mov,P04,Tôi không khỏe,003.mov,5811430,cef51ed3254171fba98081a2290d2bb8eb2a55218c80b491687a1d9ac2f9a234,1920,1080,59.9738,3.8183
P04/Tôi không khỏe/004.mov,P04,Tôi không khỏe,004.mov,7926699,15277df7c39a0fd839be275e78d12f772e3f7c96d6479705705e367a2de6fb26,1920,1080,59.9619,5.2533
P04/Tôi không khỏe/005.mov,P04,Tôi không khỏe,005.mov,10286451,56072c6eb15ca94a9061aeeba6c0dd5ccb9f80b02da5f05ce55b47985ff5d0ce,1920,1080,59.9559,6.805
P04/Tôi không khỏe/006.mov,P04,Tôi không khỏe,006.mov,9997056,b477fc61dd54992527e00bb0070ca8f5ef42a25c9570f9bba69d46a476f3bb64,1920,1080,59.9696,6.5867
P04/Tôi khỏe/001.mov,P04,Tôi khỏe,001.mov,5604588,11012be30b3d0d3e0651d66d9193fa0fdc61f793b2e566ce87dcee8248b24af7,1920,1080,59.9731,3.7183
P04/Tôi khỏe/002.mov,P04,Tôi khỏe,002.mov,6110935,8477bde5ffa9cb45c15aea3ac2790c4b822e02df8af566acc63e22bf7fa5008d,1920,1080,59.9751,4.0183
P04/Tôi khỏe/003.mov,P04,Tôi khỏe,003.mov,5412503,25f87a57375f165c65e85346bbe31e1b6c3cb67a910fe8ca40154d846b0fb3b4,1920,1080,59.972,3.5683
P04/Tôi khỏe/004.mov,P04,Tôi khỏe,004.mov,5807302,e313b29c566e73b7f9a00c1a70a51f60bed4376eb635ece9021a3f7e58c2e501,1920,1080,59.9737,3.8017
P04/Tôi khỏe/005.mov,P04,Tôi khỏe,005.mov,8400995,8733b011770d793715fcadb0363c9c85d7b6f90b084a95c9d43557d6598063fb,1920,1080,59.9642,5.5867
P04/Tôi khỏe/006.mov,P04,Tôi khỏe,006.mov,8079075,20e06e9286603004cae48e0be8be880b94058450222b494fd33c34516c4752fc,1920,1080,59.9626,5.3533
P04/Tạm biệt/001.mov,P04,Tạm biệt,001.mov,5181945,d94c286b98e080e92327a1813a5e1fbc594fa411b8b4a9e0a1d88e0765f1248e,1920,1080,59.9707,3.4183
P04/Tạm biệt/002.mov,P04,Tạm biệt,002.mov,6022047,e3a7af1fd5a60cb35ceca8304c86a23e38c5dfc11606c6ba12d234ddafd7f294,1920,1080,59.9745,3.9183
P04/Tạm biệt/003.mov,P04,Tạm biệt,003.mov,4226719,0bf8d27c750a4d2f4b2553800a5daf0f53e1cf0c592d50b4989065c33d71a110,1920,1080,59.9643,2.8017
P04/Tạm biệt/004.mov,P04,Tạm biệt,004.mov,4489490,6dfdd0a5db974095ee9001e2bfaac8c557a3e7826c2179b5190458ba45b1d8b6,1920,1080,59.9655,2.9017
P04/Tạm biệt/005.mov,P04,Tạm biệt,005.mov,7070261,9633aae31e266abb8597ff41ce515d7e816b12d2bdf49149d1456d8e3e8cc80c,1920,1080,59.9569,4.6367
P04/Tạm biệt/006.mov,P04,Tạm biệt,006.mov,7211883,da3224c3f63aae2d08fce55fdf7ddf48890d43e1b05f4ee5cc1d207c456bc2e4,1920,1080,59.9575,4.7033
P04/Về nhà cẩn thận/001.mov,P04,Về nhà cẩn thận,001.mov,8172682,67d4f15705df4f28e459264b86c3e4a19984b7d752093624d31fb16fced39661,1920,1080,59.9633,5.4533
P04/Về nhà cẩn thận/002.mov,P04,Về nhà cẩn thận,002.mov,8280053,efa6107d79916cb61f9abc7fa428f2eaf192a3e88c0085aa8a23459289c7b2e6,1920,1080,59.964,5.5533
P04/Về nhà cẩn thận/003.mov,P04,Về nhà cẩn thận,003.mov,6625759,bae548452ae090c8b625303695097401cf4f86d5221db5d40728911b9ebb8b44,1920,1080,59.9546,4.4033
P04/Về nhà cẩn thận/004.mov,P04,Về nhà cẩn thận,004.mov,7416495,ba51093a5fac91b16c04f2fad242096e06fff48a990984f48c4b0cc235058b5f,1920,1080,59.9592,4.9033
P04/Về nhà cẩn thận/005.mov,P04,Về nhà cẩn thận,005.mov,9909543,1878f9133d0bbe93e8c79ac0e5a338a38db6b3087cf6ed77f10658a4bd467c20,1920,1080,59.9695,6.5533
P04/Về nhà cẩn thận/006.mov,P04,Về nhà cẩn thận,006.mov,10135169,c0384686c6a1260be16504e93729b9b9f6ce4fce3000d7a7baa55d1810bfcd58,1920,1080,59.9702,6.7033
P04/Xin chào/001.mov,P04,Xin chào,001.mov,4872661,e43473cfc5063057d4f69e62e549fc4a09205903c5e48d02de7b686367187e40,1920,1080,59.9686,3.185
P04/Xin chào/002.mov,P04,Xin chào,002.mov,6099257,01b9e66a9b7a592703e06d3b5be31ee47fdef514e47b7471d36a3d65cffe8b97,1920,1080,59.975,4.0017
P04/Xin chào/003.mov,P04,Xin chào,003.mov,5424585,95d01836e1dd4c4e17dcbcdbcbdc39ad1b2d89fa779a6a064b6c21b1649cd5b3,1920,1080,59.9722,3.6017
P04/Xin chào/004.mov,P04,Xin chào,004.mov,5883968,a88428d6b6b51c1c0465bbe593fba2918eb9612db93003d56fe1f406297c0dc1,1920,1080,59.9743,3.885
P04/Xin chào/005.mov,P04,Xin chào,005.mov,7175943,6c2645991e4dc036ef48c7e1161b1d73110904796dcf642db2236a661b7e9d30,1920,1080,59.9575,4.7033
P04/Xin chào/006.mov,P04,Xin chào,006.mov,7277200,3a802127618952d6743cdccc5c331f55478fc653eb869ce40ffdc6f6a61d4ef6,1920,1080,59.9581,4.77
P04/Xin lỗi/001.mov,P04,Xin lỗi,001.mov,5662712,c509dd4be2767f617bc744f6fc37204efc1a5d6365d7aa013dc929ba157a9785,1920,1080,59.9731,3.7183
P04/Xin lỗi/002.mov,P04,Xin lỗi,002.mov,6412053,228638fac64fa76a087e24728b665fe2fab6502a62c73a3822ea3c26e0e18a77,1920,1080,59.9522,4.1867
P04/Xin lỗi/003.mov,P04,Xin lỗi,003.mov,5950267,33913b0961e53d9cddade87f2488c0a35f03a369394d1e7717bdf98fa2eae43f,1920,1080,59.9743,3.885
P04/Xin lỗi/004.mov,P04,Xin lỗi,004.mov,5607001,422fbe10e725924fba338d7dbcd2cca48237f55fff53ab533fdb8536150175ba,1920,1080,59.9729,3.685
P04/Xin lỗi/005.mov,P04,Xin lỗi,005.mov,7487635,9d38faa07d3cd8a137c4a8cdd45ce820cda46436a7f9ade8c7d52a95cdb2b6dd,1920,1080,59.9592,4.9033
P04/Xin lỗi/006.mov,P04,Xin lỗi,006.mov,7328041,93103308ab906ab991b82812e94472f24b29516fac3b2548d6f03df375fc3810,1920,1080,59.9581,4.77
P04/Đi đâu/001.mov,P04,Đi đâu,001.mov,4440305,ddb476d69c169b065a70484f36b0e62680bbd8b8221b9a38be890dc5423d555c,1920,1080,59.9651,2.8683
P04/Đi đâu/002.mov,P04,Đi đâu,002.mov,5372788,3991c27826679d0318af94df487c4dd9fba2b7c73cee4f50b453d40b90c59dec,1920,1080,59.9714,3.5017
P04/Đi đâu/003.mov,P04,Đi đâu,003.mov,5168780,94717eec6962c2528333d06dc3828376c947de19e172e877de6e834370a8b475,1920,1080,59.9705,3.385
P04/Đi đâu/004.mov,P04,Đi đâu,004.mov,5515140,5a898293d70405008024b74e439e49cc2a30e6b3b84a5538303a19e1dc52c6d7,1920,1080,59.9725,3.635
P04/Đi đâu/005.mov,P04,Đi đâu,005.mov,6268816,f49be4343a46c8c7a707b8ef1506ebd3c69979c0c27748fe954a4552e34cbd3b,1920,1080,59.9513,4.1033
P04/Đi đâu/006.mov,P04,Đi đâu,006.mov,7119264,f02af8c6fe4fad3b8f271417d380b0d97a856f30a754e70bde36b14dfd33ee39,1920,1080,59.957,4.6533
P04/Được không/001.mov,P04,Được không,001.mov,6771564,6f83984047847c4bd8922c0ead94d56f243cb9c9ff4d5f31baa817b9db7f2e50,1920,1080,59.9548,4.42
P04/Được không/002.mov,P04,Được không,002.mov,8155170,9cbac6dbc6979c39d19cbaff362d2e6cbe8cd9cac096ec49459eb80ca84f8ac8,1920,1080,59.9624,5.32
P04/Được không/003.mov,P04,Được không,003.mov,6619269,91a0bce174297834aaedccf882808ad2f249a571b3a0b89208d28826469e3d15,1920,1080,59.9535,4.3033
P04/Được không/004.mov,P04,Được không,004.mov,7522099,e4a14732d9269c25fcaecf7f851aafa0f51644b5a64f9c347260aff96de47866,1920,1080,59.9591,4.8867
P04/Được không/005.mov,P04,Được không,005.mov,9198447,1efdba8a488d208cc08ac983937db077379aab5f69cdef84ccdaeb5f5264118c,1920,1080,59.9668,6.02
P04/Được không/006.mov,P04,Được không,006.mov,9103149,e2d66c38583defde0ca891965f53fbc648cd62e75b546cd8aeabf2c254fdda93,1920,1080,59.9662,5.92
